﻿<?xml version="1.0" encoding="UTF-8"?>
<window>
  <defaultcontrol always="true">10</defaultcontrol>
  
  <include>OpenClose</include>
  <controls>
    <include>MiniBackground</include>
    <control type="group">
      <posx>510</posx>
      <posy>240</posy>
      <control type="label" id="2" description="Heading">
        <posx>-510</posx>
        <posy>-60</posy>
        <width>1920</width>
        <font>size26B</font>
        <label>1007</label>
        <align>center</align>
      </control>
      <control type="spincontrolex" id="10">
        <description>Protocol</description>
        <posx>15</posx>
        <posy>81</posy>
        <width>870</width>
        <label>1008</label>
        <onup>18</onup>
        <ondown>11</ondown>
        <onleft>10</onleft>
        <onright>10</onright>
        <texturenofocus border="8">img/ButtonNF.png</texturenofocus>
      </control>
      <control type="button" id="11" description="Server Name">
        <posx>15</posx>
        <posy>159</posy>
        <width>615</width>
        <align>left</align>
        <label>-</label>
        <textoffsetx>20</textoffsetx>
        <onup>10</onup>
        <onleft>12</onleft>
        <onright>12</onright>
        <ondown>16</ondown>
        <texturenofocus border="8">img/ButtonNF.png</texturenofocus>
        <texturefocus border="8" flipy="true">img/ButtonFO.png</texturefocus>
      </control>
      <control type="button" id="12">
        <description>Server Browse</description>
        <posx>660</posx>
        <posy>159</posy>
        <width>225</width>
        <label>1024</label>
        <onup>10</onup>
        <onleft>11</onleft>
        <onright>11</onright>
        <ondown>16</ondown>
        <texturenofocus border="3">img/ButtonNF.png</texturenofocus>
      </control>
      <control type="group">
        <posx>0</posx>
        <posy>36</posy>
        <control type="edit" id="16" description="Shared folder">
          <posx>15</posx>
          <posy>231</posy>
          <width>870</width>
          <label>-</label>
          <onup>11</onup>
          <onleft>16</onleft>
          <onright>16</onright>
          <ondown>13</ondown>
          <texturenofocus border="8">img/ButtonNF.png</texturenofocus>
          <texturefocus border="8" flipy="true">img/ButtonFO.png</texturefocus>
        </control>
        <control type="button" id="13">
          <description>Port</description>
          <posx>15</posx>
          <posy>306</posy>
          <width>870</width>
          <label>1013</label>
          <onup>16</onup>
          <onleft>13</onleft>
          <onright>13</onright>
          <ondown>14</ondown>
          <texturenofocus border="8">img/ButtonNF.png</texturenofocus>
          <texturefocus border="8" flipy="true">img/ButtonFO.png</texturefocus>
        </control>
        <control type="edit" id="14" description="Username">
          <posx>15</posx>
          <posy>381</posy>
          <width>870</width>
          <align>left</align>
          <label>1014</label>
          <onup>13</onup>
          <onleft>14</onleft>
          <onright>14</onright>
          <ondown>15</ondown>
          <texturenofocus border="8">img/ButtonNF.png</texturenofocus>
          <texturefocus border="8" flipy="true">img/ButtonFO.png</texturefocus>
        </control>
        <control type="edit" id="15" description="Password">
          <posx>15</posx>
          <posy>459</posy>
          <width>870</width>
          <align>left</align>
          <label>15052</label>
          <onup>14</onup>
          <onleft>15</onleft>
          <onright>15</onright>
          <ondown>18</ondown>
          <texturenofocus border="8">img/ButtonNF.png</texturenofocus>
          <texturefocus border="8" flipy="true">img/ButtonFO.png</texturefocus>
        </control>
      </control>
      <control type="button" id="18" description="Ok">
        <posx>90</posx>
        <posy>630</posy>
        <width>300</width>
        <label>186</label>
        <onup>15</onup>
        <onleft>19</onleft>
        <onright>19</onright>
        <ondown>10</ondown>
        <texturenofocus border="8">img/ButtonNF.png</texturenofocus>
      </control>
      <control type="button" id="19" description="Cancel">
        <posx>510</posx>
        <posy>630</posy>
        <width>300</width>
        <label>222</label>
        <onup>15</onup>
        <onleft>18</onleft>
        <onright>18</onright>
        <ondown>10</ondown>
        <texturenofocus border="8">img/ButtonNF.png</texturenofocus>
      </control>
    </control>
  </controls>
</window>