﻿<?xml version="1.0" encoding="UTF-8"?>
<window>
  <defaultcontrol always="true">9001</defaultcontrol>
  
  <include>OpenClose</include>
  <controls>
    <include>MiniBackground</include>
    <control type="label" description="Heading">
      <include>Heading</include>
      <label>130</label>
    </control>
    <control type="group">
      <posy>0</posy>
      <control type="grouplist" id="9001" description="Left panel">
        <posx>120</posx>
        <posy>144</posy>
        <width>300</width>
        <height>518</height>
        <itemgap>9</itemgap>
        <onleft>-</onleft>
        <onright>-</onright>
        <onup>9001</onup>
        <ondown>9001</ondown>
        <control type="button" id="95" description="Summary">
          <texturenofocus border="5">img/SettingsButtonNF.png</texturenofocus>
          <texturefocus border="5">img/SettingsButtonFO.png</texturefocus>
          <width>300</width>
          <label>20037</label>
        </control>
        <control type="button" id="94" description="Storage">
          <width>300</width>
          <label>13277</label>
          <texturenofocus border="5">img/SettingsButtonNF.png</texturenofocus>
          <texturefocus border="5">img/SettingsButtonFO.png</texturefocus>
        </control>
        <control type="button" id="96" description="Network">
          <width>300</width>
          <label>13279</label>
          <texturenofocus border="5">img/SettingsButtonNF.png</texturenofocus>
          <texturefocus border="5">img/SettingsButtonFO.png</texturefocus>
        </control>
        <control type="button" id="97" description="Video">
          <width>300</width>
          <label>13280</label>
          <texturenofocus border="5">img/SettingsButtonNF.png</texturenofocus>
          <texturefocus border="5">img/SettingsButtonFO.png</texturefocus>
        </control>
        <control type="button" id="98" description="Hardware">
          <width>300</width>
          <label>13281</label>
          <texturenofocus border="5">img/SettingsButtonNF.png</texturenofocus>
          <texturefocus border="5">img/SettingsButtonFO.png</texturefocus>
        </control>
        <control type="button" id="99" description="Hardware">
          <visible>Skin.HasSetting(PVR_Enabled)</visible>
          <width>300</width>
          <label>19191</label>
          <texturenofocus border="5">img/SettingsButtonNF.png</texturenofocus>
          <texturefocus border="5">img/SettingsButtonFO.png</texturefocus>
        </control>
      </control>
      <control type="grouplist" description="Right panel">
        <posx>510</posx>
        <posy>123</posy>
        <width>1140</width>
        <height>900</height>
        <itemgap>9</itemgap>
        <control type="label" id="52">
          <description>XBMC XBE BUILD Version</description>
          <width>1140</width>
        </control>
        <control type="label" id="21">
          <description>CPU Text</description>
          <width>1140</width>
          <font>size17</font>
          <label>$LOCALIZE[13271] $INFO[System.CPUUsage]</label>
        </control>
        <control type="progress" id="22" description="CPU BAR">
          <width>1140</width>
          <height>15</height>
          <texturebg border="0,5,5,0">MusicOSD/ProgressBG.png</texturebg>
          <midtexture border="0,5,0,5">MusicOSD/ProgressMidd.png</midtexture>
          <righttexture border="0,5,6,5">MusicOSD/ProgressRight.png</righttexture>
          <lefttexture border="6,5,0,5">MusicOSD/ProgressLeft.png</lefttexture>
          <overlaytexture>-</overlaytexture>
          <info>System.CPUUsage</info>
        </control>
        <control type="label" id="23">
          <description>Memory Text</description>
          <width>1140</width>
          <font>size17</font>
          <label>$LOCALIZE[31309] $INFO[system.memory(used.percent)]</label>
        </control>
        <control type="progress" id="24">
          <description>Memory BAR</description>
          <height>15</height>
          <width>1140</width>
          <texturebg border="0,5,5,0">MusicOSD/ProgressBG.png</texturebg>
          <midtexture border="0,5,0,5">MusicOSD/ProgressMidd.png</midtexture>
          <righttexture border="0,5,6,5">MusicOSD/ProgressRight.png</righttexture>
          <lefttexture border="6,5,0,5">MusicOSD/ProgressLeft.png</lefttexture>
          <overlaytexture>-</overlaytexture>
          <info>system.memory(used)</info>
        </control>
        <control type="label" id="2">
          <description>Label 2</description>
          <height>45</height>
          <width>1140</width>
          <font>size17</font>
        </control>
        <control type="label" id="3">
          <description>Label 3</description>
          <height>45</height>
          <width>1140</width>
          <font>size17</font>
        </control>
        <control type="label" id="4">
          <description>Label 4</description>
          <height>45</height>
          <font>size17</font>
          <width>1140</width>
        </control>
        <control type="label" id="5">
          <description>Label 5</description>
          <height>45</height>
          <width>1140</width>
          <font>size17</font>
        </control>
        <control type="label" id="6">
          <description>Label 6</description>
          <height>45</height>
          <width>1140</width>
          <font>size17</font>
        </control>
        <control type="label" id="7">
          <description>Label 7</description>
          <height>45</height>
          <width>1140</width>
          <font>size17</font>
        </control>
        <control type="label" id="8">
          <description>Label 8</description>
          <height>45</height>
          <width>1140</width>
          <font>size17</font>
        </control>
        <control type="label" id="9">
          <description>Label 9</description>
          <height>45</height>
          <width>1140</width>
          <font>size17</font>
        </control>
        <control type="label" id="10">
          <description>Label 10</description>
          <height>45</height>
          <width>1140</width>
          <font>size17</font>
        </control>
        <control type="label" id="11">
          <description>Label 11</description>
          <height>45</height>
          <width>1140</width>
          <font>size17</font>
        </control>
      </control>
    </control>
  </controls>
</window>
