﻿<?xml version="1.0" encoding="UTF-8"?>
<includes>
  <include name="Weather+MapsVideo">
    <control type="group">
      <visible>StringCompare(Window.Property(Weather.CurrentView),maps)</visible>
      <control type="group">
        <posx>30</posx>
        <posy>75</posy>
      </control>
      <control type="group">
        <visible>StringCompare(Window.Property(MapPath),weather.com plus/loading)</visible>
        <control type="image" description="Busy animation">
          <posx>408</posx>
          <posy>630</posy>
          <width>144</width>
          <height>144</height>
          <texture>busy/Busy.png</texture>
          <aspectratio>keep</aspectratio>
          <animation effect="rotate" start="360" end="0" center="auto" time="1600" loop="true" condition="true">conditional</animation>
        </control>
        <control type="label">
          <posx>90</posx>
          <posy>765</posy>
          <width>780</width>
          <height>45</height>
          <align>center</align>
          <aligny>center</aligny>
          <label>$LOCALIZE[13413]...</label>
        </control>
      </control>
      <control type="multiimage" description="Maps multiimage">
        <visible>!StringCompare(Window.Property(MapPath),weather.com plus/loading)</visible>
        <posx>68</posx>
        <posy>442</posy>
        <width>840</width>
        <height>525</height>
        <imagepath diffuse="img/DiffuseWide.png">$INFO[Window.Property(MapPath)]</imagepath>
        <timeperimage>500</timeperimage>
        <pauseatend>1000</pauseatend>
        <fadetime>0</fadetime>
        <randomize>false</randomize>
        <loop>yes</loop>
        <aspectratio>keep</aspectratio>
        <aligny>center</aligny>
      </control>
      <control type="image">
        <description>legend image</description>
        <posx>68</posx>
        <posy>435</posy>
        <width>840</width>
        <height>75</height>
        <texture>$INFO[Window.Property(LegendPath)]</texture>
        <aspectratio aligny="top">keep</aspectratio>
      </control>
      <control type="list" id="50">
        <posx>1020</posx>
        <posy>442</posy>
        <width>878</width>
        <height>525</height>
        <onleft>9000</onleft>
        <onright>60</onright>
        <onup>50</onup>
        <ondown>50</ondown>
        <viewtype label="$LOCALIZE[4]">list</viewtype>
        <pagecontrol>60</pagecontrol>
        <scrolltime>200</scrolltime>
        <itemlayout height="75" width="758">
          <control type="image">
            <posx>0</posx>
            <posy>8</posy>
            <width>45</width>
            <height>45</height>
            <texture>$INFO[ListItem.Icon]</texture>
          </control>
          <control type="label">
            <posx>60</posx>
            <posy>0</posy>
            <width>810</width>
            <height>75</height>
            <font>size22</font>
            <textcolor>Silver</textcolor>
            <selectedcolor>selected</selectedcolor>
            <align>left</align>
            <aligny>center</aligny>
            <label>$INFO[ListItem.Label]</label>
          </control>
        </itemlayout>
        <focusedlayout height="75" width="758">
          <control type="image">
            <animation condition="!Control.HasFocus(50)" effect="fade" start="100" end="50" time="200" reversible="true">Conditional</animation>
            <posx>0</posx>
            <posy>0</posy>
            <width>758</width>
            <height>75</height>
            <texture border="8">img/ButtonFO.png</texture>
          </control>
          <control type="image">
            <posx>0</posx>
            <posy>8</posy>
            <width>45</width>
            <height>45</height>
            <texture>$INFO[ListItem.Icon]</texture>
          </control>
          <control type="label">
            <posx>60</posx>
            <posy>0</posy>
            <width>810</width>
            <height>75</height>
            <font>size22</font>
            <textcolor>White2</textcolor>
            <selectedcolor>selected</selectedcolor>
            <align>left</align>
            <aligny>center</aligny>
            <label>$INFO[ListItem.Label]</label>
          </control>
        </focusedlayout>
        <content>
          <item>
            <label>31907</label>
            <icon>icon-video.png</icon>
            <onclick>PlayMedia($INFO[Window.Property(Video)],1,noresume)</onclick>
            <visible>!IsEmpty(Window.Property(Video))</visible>
          </item>
          <item>
            <label>$INFO[Window.Property(MapList.1.MapLabel.1)]</label>
            <icon>icon-weather.png</icon>
            <onclick>SetProperty(Weather.CurrentMap,$INFO[Window.Property(MapList.1.MapLabel.1)])</onclick>
            <onclick>$INFO[Window.Property(MapList.1.MapOnclick.1)]</onclick>
            <visible>!IsEmpty(Window.Property(MapList.1.MapLabel.1))</visible>
          </item>
          <item>
            <label>$INFO[Window.Property(MapList.1.MapLabel.2)]</label>
            <icon>icon-weather.png</icon>
            <onclick>SetProperty(Weather.CurrentMap,$INFO[Window.Property(MapList.1.MapLabel.2)])</onclick>
            <onclick>$INFO[Window.Property(MapList.1.MapOnclick.2)]</onclick>
            <visible>!IsEmpty(Window.Property(MapList.1.MapLabel.2))</visible>
          </item>
          <item>
            <label>$INFO[Window.Property(MapList.1.MapLabel.3)]</label>
            <icon>icon-weather.png</icon>
            <onclick>SetProperty(Weather.CurrentMap,$INFO[Window.Property(MapList.1.MapLabel.3)])</onclick>
            <onclick>$INFO[Window.Property(MapList.1.MapOnclick.3)]</onclick>
            <visible>!IsEmpty(Window.Property(MapList.1.MapLabel.3))</visible>
          </item>
          <item>
            <label>$INFO[Window.Property(MapList.1.MapLabel.4)]</label>
            <icon>icon-weather.png</icon>
            <onclick>SetProperty(Weather.CurrentMap,$INFO[Window.Property(MapList.1.MapLabel.4)])</onclick>
            <onclick>$INFO[Window.Property(MapList.1.MapOnclick.4)]</onclick>
            <visible>!IsEmpty(Window.Property(MapList.1.MapLabel.4))</visible>
          </item>
          <item>
            <label>$INFO[Window.Property(MapList.1.MapLabel.5)]</label>
            <icon>icon-weather.png</icon>
            <onclick>SetProperty(Weather.CurrentMap,$INFO[Window.Property(MapList.1.MapLabel.5)])</onclick>
            <onclick>$INFO[Window.Property(MapList.1.MapOnclick.5)]</onclick>
            <visible>!IsEmpty(Window.Property(MapList.1.MapLabel.5))</visible>
          </item>
          <item>
            <label>$INFO[Window.Property(MapList.1.MapLabel.6)]</label>
            <icon>icon-weather.png</icon>
            <onclick>SetProperty(Weather.CurrentMap,$INFO[Window.Property(MapList.1.MapLabel.6)])</onclick>
            <onclick>$INFO[Window.Property(MapList.1.MapOnclick.6)]</onclick>
            <visible>!IsEmpty(Window.Property(MapList.1.MapLabel.6))</visible>
          </item>
          <item>
            <label>$INFO[Window.Property(MapList.1.MapLabel.7)]</label>
            <icon>icon-weather.png</icon>
            <onclick>SetProperty(Weather.CurrentMap,$INFO[Window.Property(MapList.1.MapLabel.7)])</onclick>
            <onclick>$INFO[Window.Property(MapList.1.MapOnclick.7)]</onclick>
            <visible>!IsEmpty(Window.Property(MapList.1.MapLabel.7))</visible>
          </item>
          <item>
            <label>$INFO[Window.Property(MapList.1.MapLabel.8)]</label>
            <icon>icon-weather.png</icon>
            <onclick>SetProperty(Weather.CurrentMap,$INFO[Window.Property(MapList.1.MapLabel.8)])</onclick>
            <onclick>$INFO[Window.Property(MapList.1.MapOnclick.8)]</onclick>
            <visible>!IsEmpty(Window.Property(MapList.1.MapLabel.8))</visible>
          </item>
          <item>
            <label>$INFO[Window.Property(MapList.1.MapLabel.9)]</label>
            <icon>icon-weather.png</icon>
            <onclick>SetProperty(Weather.CurrentMap,$INFO[Window.Property(MapList.1.MapLabel.9)])</onclick>
            <onclick>$INFO[Window.Property(MapList.1.MapOnclick.9)]</onclick>
            <visible>!IsEmpty(Window.Property(MapList.1.MapLabel.9))</visible>
          </item>
          <item>
            <label>$INFO[Window.Property(MapList.1.MapLabel.10)]</label>
            <icon>icon-weather.png</icon>
            <onclick>SetProperty(Weather.CurrentMap,$INFO[Window.Property(MapList.1.MapLabel.10)])</onclick>
            <onclick>$INFO[Window.Property(MapList.1.MapOnclick.10)]</onclick>
            <visible>!IsEmpty(Window.Property(MapList.1.MapLabel.10))</visible>
          </item>
          <item>
            <label>$INFO[Window.Property(MapList.1.MapLabel.11)]</label>
            <icon>icon-weather.png</icon>
            <onclick>SetProperty(Weather.CurrentMap,$INFO[Window.Property(MapList.1.MapLabel.11)])</onclick>
            <onclick>$INFO[Window.Property(MapList.1.MapOnclick.11)]</onclick>
            <visible>!IsEmpty(Window.Property(MapList.1.MapLabel.11))</visible>
          </item>
          <item>
            <label>$INFO[Window.Property(MapList.1.MapLabel.12)]</label>
            <icon>icon-weather.png</icon>
            <onclick>SetProperty(Weather.CurrentMap,$INFO[Window.Property(MapList.1.MapLabel.12)])</onclick>
            <onclick>$INFO[Window.Property(MapList.1.MapOnclick.12)]</onclick>
            <visible>!IsEmpty(Window.Property(MapList.1.MapLabel.12))</visible>
          </item>
          <item>
            <label>$INFO[Window.Property(MapList.1.MapLabel.13)]</label>
            <icon>icon-weather.png</icon>
            <onclick>SetProperty(Weather.CurrentMap,$INFO[Window.Property(MapList.1.MapLabel.13)])</onclick>
            <onclick>$INFO[Window.Property(MapList.1.MapOnclick.13)]</onclick>
            <visible>!IsEmpty(Window.Property(MapList.1.MapLabel.13))</visible>
          </item>
          <item>
            <label>$INFO[Window.Property(MapList.1.MapLabel.14)]</label>
            <icon>icon-weather.png</icon>
            <onclick>SetProperty(Weather.CurrentMap,$INFO[Window.Property(MapList.1.MapLabel.14)])</onclick>
            <onclick>$INFO[Window.Property(MapList.1.MapOnclick.14)]</onclick>
            <visible>!IsEmpty(Window.Property(MapList.1.MapLabel.14))</visible>
          </item>
          <item>
            <label>$INFO[Window.Property(MapList.1.MapLabel.15)]</label>
            <icon>icon-weather.png</icon>
            <onclick>SetProperty(Weather.CurrentMap,$INFO[Window.Property(MapList.1.MapLabel.15)])</onclick>
            <onclick>$INFO[Window.Property(MapList.1.MapOnclick.15)]</onclick>
            <visible>!IsEmpty(Window.Property(MapList.1.MapLabel.15))</visible>
          </item>
          <item>
            <label>$INFO[Window.Property(MapList.1.MapLabel.16)]</label>
            <icon>icon-weather.png</icon>
            <onclick>SetProperty(Weather.CurrentMap,$INFO[Window.Property(MapList.1.MapLabel.16)])</onclick>
            <onclick>$INFO[Window.Property(MapList.1.MapOnclick.16)]</onclick>
            <visible>!IsEmpty(Window.Property(MapList.1.MapLabel.16))</visible>
          </item>
          <item>
            <label>$INFO[Window.Property(MapList.1.MapLabel.17)]</label>
            <icon>icon-weather.png</icon>
            <onclick>SetProperty(Weather.CurrentMap,$INFO[Window.Property(MapList.1.MapLabel.17)])</onclick>
            <onclick>$INFO[Window.Property(MapList.1.MapOnclick.17)]</onclick>
            <visible>!IsEmpty(Window.Property(MapList.1.MapLabel.17))</visible>
          </item>
          <item>
            <label>$INFO[Window.Property(MapList.1.MapLabel.18)]</label>
            <icon>icon-weather.png</icon>
            <onclick>SetProperty(Weather.CurrentMap,$INFO[Window.Property(MapList.1.MapLabel.18)])</onclick>
            <onclick>$INFO[Window.Property(MapList.1.MapOnclick.18)]</onclick>
            <visible>!IsEmpty(Window.Property(MapList.1.MapLabel.18))</visible>
          </item>
          <item>
            <label>$INFO[Window.Property(MapList.1.MapLabel.19)]</label>
            <icon>icon-weather.png</icon>
            <onclick>SetProperty(Weather.CurrentMap,$INFO[Window.Property(MapList.1.MapLabel.19)])</onclick>
            <onclick>$INFO[Window.Property(MapList.1.MapOnclick.19)]</onclick>
            <visible>!IsEmpty(Window.Property(MapList.1.MapLabel.19))</visible>
          </item>
          <item>
            <label>$INFO[Window.Property(MapList.1.MapLabel.20)]</label>
            <icon>icon-weather.png</icon>
            <onclick>SetProperty(Weather.CurrentMap,$INFO[Window.Property(MapList.1.MapLabel.20)])</onclick>
            <onclick>$INFO[Window.Property(MapList.1.MapOnclick.20)]</onclick>
            <visible>!IsEmpty(Window.Property(MapList.1.MapLabel.20))</visible>
          </item>
          <item>
            <label>$INFO[Window.Property(MapList.1.MapLabel.21)]</label>
            <icon>icon-weather.png</icon>
            <onclick>SetProperty(Weather.CurrentMap,$INFO[Window.Property(MapList.1.MapLabel.21)])</onclick>
            <onclick>$INFO[Window.Property(MapList.1.MapOnclick.21)]</onclick>
            <visible>!IsEmpty(Window.Property(MapList.1.MapLabel.21))</visible>
          </item>
          <item>
            <label>$INFO[Window.Property(MapList.1.MapLabel.22)]</label>
            <icon>icon-weather.png</icon>
            <onclick>SetProperty(Weather.CurrentMap,$INFO[Window.Property(MapList.1.MapLabel.22)])</onclick>
            <onclick>$INFO[Window.Property(MapList.1.MapOnclick.22)]</onclick>
            <visible>!IsEmpty(Window.Property(MapList.1.MapLabel.22))</visible>
          </item>
          <item>
            <label>$INFO[Window.Property(MapList.1.MapLabel.23)]</label>
            <icon>icon-weather.png</icon>
            <onclick>SetProperty(Weather.CurrentMap,$INFO[Window.Property(MapList.1.MapLabel.23)])</onclick>
            <onclick>$INFO[Window.Property(MapList.1.MapOnclick.23)]</onclick>
            <visible>!IsEmpty(Window.Property(MapList.1.MapLabel.23))</visible>
          </item>
          <item>
            <label>$INFO[Window.Property(MapList.1.MapLabel.24)]</label>
            <icon>icon-weather.png</icon>
            <onclick>SetProperty(Weather.CurrentMap,$INFO[Window.Property(MapList.1.MapLabel.24)])</onclick>
            <onclick>$INFO[Window.Property(MapList.1.MapOnclick.24)]</onclick>
            <visible>!IsEmpty(Window.Property(MapList.1.MapLabel.24))</visible>
          </item>
          <item>
            <label>$INFO[Window.Property(MapList.1.MapLabel.25)]</label>
            <icon>icon-weather.png</icon>
            <onclick>SetProperty(Weather.CurrentMap,$INFO[Window.Property(MapList.1.MapLabel.25)])</onclick>
            <onclick>$INFO[Window.Property(MapList.1.MapOnclick.25)]</onclick>
            <visible>!IsEmpty(Window.Property(MapList.1.MapLabel.25))</visible>
          </item>
          <item>
            <label>$INFO[Window.Property(MapList.1.MapLabel.26)]</label>
            <icon>icon-weather.png</icon>
            <onclick>SetProperty(Weather.CurrentMap,$INFO[Window.Property(MapList.1.MapLabel.26)])</onclick>
            <onclick>$INFO[Window.Property(MapList.1.MapOnclick.26)]</onclick>
            <visible>!IsEmpty(Window.Property(MapList.1.MapLabel.26))</visible>
          </item>
          <item>
            <label>$INFO[Window.Property(MapList.1.MapLabel.27)]</label>
            <icon>icon-weather.png</icon>
            <onclick>SetProperty(Weather.CurrentMap,$INFO[Window.Property(MapList.1.MapLabel.27)])</onclick>
            <onclick>$INFO[Window.Property(MapList.1.MapOnclick.27)]</onclick>
            <visible>!IsEmpty(Window.Property(MapList.1.MapLabel.27))</visible>
          </item>
          <item>
            <label>$INFO[Window.Property(MapList.1.MapLabel.28)]</label>
            <icon>icon-weather.png</icon>
            <onclick>SetProperty(Weather.CurrentMap,$INFO[Window.Property(MapList.1.MapLabel.28)])</onclick>
            <onclick>$INFO[Window.Property(MapList.1.MapOnclick.28)]</onclick>
            <visible>!IsEmpty(Window.Property(MapList.1.MapLabel.28))</visible>
          </item>
          <item>
            <label>$INFO[Window.Property(MapList.1.MapLabel.29)]</label>
            <icon>icon-weather.png</icon>
            <onclick>SetProperty(Weather.CurrentMap,$INFO[Window.Property(MapList.1.MapLabel.29)])</onclick>
            <onclick>$INFO[Window.Property(MapList.1.MapOnclick.29)]</onclick>
            <visible>!IsEmpty(Window.Property(MapList.1.MapLabel.29))</visible>
          </item>
          <item>
            <label>$INFO[Window.Property(MapList.1.MapLabel.30)]</label>
            <icon>icon-weather.png</icon>
            <onclick>SetProperty(Weather.CurrentMap,$INFO[Window.Property(MapList.1.MapLabel.30)])</onclick>
            <onclick>$INFO[Window.Property(MapList.1.MapOnclick.30)]</onclick>
            <visible>!IsEmpty(Window.Property(MapList.1.MapLabel.30))</visible>
          </item>
        </content>
      </control>
    </control>
  </include>
</includes>
