﻿<?xml version="1.0" encoding="UTF-8"?>
<window type="dialog">
  <defaultcontrol always="true">5</defaultcontrol>
  
  <include>OpenClose</include>
  <controls>
    <include>MiniBackground</include>
    <control type="label" id="1000" description="Profile Name">
      <include>HeadingR</include>
    </control>
    <control type="image" id="2" description="Profile image">
      <posx>270</posx>
      <posy>330</posy>
      <width>450</width>
      <height>450</height>
      <texture>unknown-user.png</texture>
      <aspectratio>scale</aspectratio>
    </control>
    <control type="label" id="1001" description="Profile Directory">
      <posx>990</posx>
      <posy>120</posy>
      <width>810</width>
      <align>center</align>
      <font>size18</font>
    </control>
    <control type="group">
      <posx>1020</posx>
      <posy>222</posy>
      <control type="grouplist" id="5">
        <description>Control Area</description>
        <posx>0</posx>
        <posy>0</posy>
        <width>802</width>
        <height>810</height>
        <itemgap>0</itemgap>
        <aligny>top</aligny>
        <orientation>vertical</orientation>
        <onleft>-</onleft>
        <onright>-</onright>
        <onup>29</onup>
        <ondown>28</ondown>
      </control>
      <control type="button" id="7">
        <height>81</height>
        <align>left</align>
        <texturefocus border="8">img/ButtonFO.png</texturefocus>
      </control>
      <control type="radiobutton" id="8">
        <height>81</height>
        <align>left</align>
        <texturefocus border="8">img/ButtonFO.png</texturefocus>
      </control>
      <control type="spincontrolex" id="9">
        <height>81</height>
        <align>left</align>
        <texturefocus border="8">img/ButtonFO.png</texturefocus>
      </control>
      <control type="image" description="Line split">
        <posx>0</posx>
        <posy>512</posy>
        <width>802</width>
        <height>1</height>
        <texture>img/Line.png</texture>
        <aspectratio>stretch</aspectratio>
      </control>
      <control type="button" id="28" description="OK">
        <posx>225</posx>
        <posy>531</posy>
        <width>352</width>
        <label>186</label>
        <onleft>-</onleft>
        <onright>-</onright>
        <onup>5</onup>
        <ondown>29</ondown>
        <texturefocus border="8">img/ButtonFO.png</texturefocus>
        <texturenofocus border="8">img/ButtonNF.png</texturenofocus>
      </control>
      <control type="button" id="29" description="Cancel">
        <posx>225</posx>
        <posy>627</posy>
        <width>352</width>
        <label>222</label>
        <onleft>-</onleft>
        <onright>-</onright>
        <onup>28</onup>
        <ondown>5</ondown>
        <texturefocus border="8">img/ButtonFO.png</texturefocus>
        <texturenofocus border="8">img/ButtonNF.png</texturenofocus>
      </control>
    </control>
  </controls>
</window>
