﻿<?xml version="1.0" encoding="UTF-8"?>
<window>
  <defaultcontrol always="true">10</defaultcontrol>
  
  <controls>
    <control type="button" id="10" description="Startup Trigger">
      <posx>15</posx>
      <posy>15</posy>
      <onfocus condition="IsEmpty(Window(Home).Property(Quartz_Watchlist))">RunScript(script.watchlist,$VAR[WatchlistParameters])</onfocus>
      <onfocus condition="IsEmpty(Window(Home).Property(Quartz_Watchlist))">SetProperty(Quartz_Watchlist,True,0)</onfocus>
      <onfocus>ReplaceWindow(Home)</onfocus>
      <texturenofocus></texturenofocus>
      <texturefocus></texturefocus>
    </control>
  </controls>
</window>
