﻿<?xml version="1.0" encoding="UTF-8"?>
<window>
  <defaultcontrol always="true">11</defaultcontrol>
  
  <controls>
    <include>MiniBackground</include>
    <control type="group" description="Right panel">
      <posx>510</posx>
      <posy>120</posy>
      <control type="label" id="2" description="Heading">
        <posx>-510</posx>
        <posy>0</posy>
        <width>1920</width>
        <font>size26B</font>
        <label>-</label>
        <align>center</align>
      </control>
      <control type="grouplist" id="9001">
        <posx>8</posx>
        <posy>142</posy>
        <width>930</width>
        <itemgap>27</itemgap>
        <orientation>horizontal</orientation>
        <onleft>9001</onleft>
        <onright>9001</onright>
        <ondown>10</ondown>
        <align>center</align>
        <control type="button" id="11" description="Browse">
          <width>285</width>
          <label>1024</label>
          <texturenofocus border="3">img/ButtonNF.png</texturenofocus>
        </control>
        <control type="button" id="13" description="Add">
          <width>285</width>
          <label>15019</label>
          <texturenofocus border="3">img/ButtonNF.png</texturenofocus>
        </control>
        <control type="button" id="14" description="Remove">
          <width>285</width>
          <label>1210</label>
          <texturenofocus border="3">img/ButtonNF.png</texturenofocus>
        </control>
      </control>
      <control type="list" id="10">
        <posx>18</posx>
        <posy>240</posy>
        <width>912</width>
        <height>243</height>
        <onup>9001</onup>
        <onleft>-</onleft>
        <onright>-</onright>
        <ondown>12</ondown>
        <itemlayout height="81">
          <control type="image">
            <width>912</width>
            <height>75</height>
            <texture border="1">img/ButtonNF.png</texture>
          </control>
          <control type="label">
            <posx>30</posx>
            <width>600</width>
            <height>75</height>
            <info>ListItem.Label</info>
          </control>
        </itemlayout>
        <focusedlayout height="75">
          <control type="image">
            <width>912</width>
            <height>75</height>
            <texture flipy="true" border="5">img/ButtonFO.png</texture>
            <animation effect="fade" start="100" end="50" condition="!Control.HasFocus(10)">Conditional</animation>
          </control>
          <control type="label" description="Path label">
            <posx>30</posx>
            <aligny>center</aligny>
            <height>75</height>
            <width>600</width>
            <info>ListItem.Label</info>
          </control>
        </focusedlayout>
      </control>
      <control type="label" id="0" description="Source Name Label">
        <posx>30</posx>
        <posy>492</posy>
        <width>885</width>
        <label>1022</label>
      </control>
      <control type="button" id="12" description="Source Name Button Field">
        <posx>18</posx>
        <posy>567</posy>
        <label>-</label>
        <width>912</width>
        <align>left</align>
        <texturenofocus border="5">img/ButtonNF.png</texturenofocus>
        <texturefocus border="5" flipy="true">img/ButtonFO.png</texturefocus>
        <textoffsetx>20</textoffsetx>
        <onup>10</onup>
        <onleft>18</onleft>
        <onright>19</onright>
        <ondown>1800</ondown>
      </control>
      <control type="grouplist" id="1800">
        <posy>690</posy>
        <width>930</width>
        <onup>12</onup>
        <ondown>9001</ondown>
        <align>center</align>
        <itemgap>75</itemgap>
        <orientation>horizontal</orientation>
        <control type="button" id="18" description="OK">
          <width>300</width>
          <label>186</label>
          <onleft>20</onleft>
          <onright>19</onright>
          <texturenofocus border="3">img/ButtonNF.png</texturenofocus>
        </control>
        <control type="button" id="19" description="Cancel">
          <width>300</width>
          <label>222</label>
          <onleft>18</onleft>
          <onright>20</onright>
          <texturenofocus border="3">img/ButtonNF.png</texturenofocus>
        </control>
      </control>
    </control>
  </controls>
</window>