﻿<?xml version="1.0" encoding="UTF-8"?>
<window>
  <defaultcontrol always="true">9</defaultcontrol>
  
  <coordinates>
    <posx>0</posx>
    <posy>0</posy>
  </coordinates>
  <include>OpenClose</include>
  <controls>
    <include>MiniBackground</include>
    <control type="label" id="20" description="Heading">
      <include>Heading</include>
      <label>-</label>
    </control>
    <control type="image" description="separator Left container">
      <posy>0</posy>
      <posx>600</posx>
      <width>6</width>
      <height>1080</height>
      <texture>img/LineV.png</texture>
      <aspectratio>stretch</aspectratio>
    </control>
    <control type="grouplist" id="9" description="Left Configure Panel">
      <posx>112</posx>
      <posy>165</posy>
      <width>480</width>
      <height>585</height>
      <itemgap>9</itemgap>
      <onleft>30</onleft>
      <onright>2</onright>
      <onup>9</onup>
      <ondown>8999</ondown>
    </control>
    <control type="grouplist" id="8999" description="Left OK/Cancel Panel">
      <posx>112</posx>
      <posy>780</posy>
      <width>480</width>
      <height>250</height>
      <itemgap>9</itemgap>
      <onleft>-</onleft>
      <onright>2</onright>
      <onup>9</onup>
      <ondown>-</ondown>
      <align>center</align>
      <aligny>top</aligny>
      <orientation>vertical</orientation>
      <control type="button" id="10" description="OK Button">
        <width>390</width>
        <label>186</label>
        <texturenofocus>img/SettingsButtonNF.png</texturenofocus>
      <texturefocus border="4">img/SettingsButtonFO.png</texturefocus>
      </control>
      <control type="button" id="12" description="Defaults Button">
        <width>390</width>
        <label>409</label>
        <texturenofocus>img/SettingsButtonNF.png</texturenofocus>
      <texturefocus border="4">img/SettingsButtonFO.png</texturefocus>
      </control>
      <control type="button" id="11" description="Cancel Button">
        <width>390</width>
        <label>222</label>
        <texturenofocus>img/SettingsButtonNF.png</texturenofocus>
      <texturefocus border="4">img/SettingsButtonFO.png</texturefocus>
      </control>
    </control>
    <control type="button" id="13" description="Default Category Button">
      <font>size22</font>
	  <texturenofocus>img/SettingsButtonNF.png</texturenofocus>
      <texturefocus border="4">img/SettingsButtonFO.png</texturefocus>
    </control>
    <control type="group" description="Right Panel">
      <posx>735</posx>
      <posy>165</posy>
      <control type="grouplist" id="2" description="Right controls">
        <posx>0</posx>
        <posy>0</posy>
        <width>1125</width>
        <height>825</height>
        <itemgap>0</itemgap>
        <onup>2</onup>
        <ondown>2</ondown>
        <onleft>9</onleft>
        <onright>60</onright>
        <pagecontrol>60</pagecontrol>
      </control>
      <control type="button" id="3" description="Default Button">
        <font>size22</font>
      </control>
      <control type="radiobutton" id="4" description="Default RadioButton">
        <font>size22</font>
        <align>left</align>
        <radioposx>1056</radioposx>
      </control>
      <control type="spincontrolex" id="5" description="Default spincontrolex">
        <font>size22</font>
        <reverse>yes</reverse>
      </control>
      <control type="label" id="7">
        <label>-</label>
        <font>size24</font>
        <textcolor>Blue</textcolor>
      </control>
      <control type="image" id="6" description="Default Seperator">
        <height>-3</height>
        <texture>-</texture>
      </control>
      <control type="sliderex" id="8" description="Default Slider Control">
        <font>size22</font>
        <width>900</width>
      </control>
    </control>
    <control type="scrollbar" id="60">
      <posx>45r</posx>
      <posy>165</posy>
      <height>825</height>
      <onleft>2</onleft>
      <showonepage>false</showonepage>
      <onright>8999</onright>
    </control>
  </controls>
</window>