﻿<?xml version="1.0" encoding="UTF-8"?>
<window id="132">
  <defaultcontrol always="true">3</defaultcontrol>
  <allowoverlay>no</allowoverlay>
  <include>OpenClose</include>
  <controls>
    <include>MiniBackground</include>
    <control type="group">
      <posx>0</posx>
      <posy>30</posy>
      <control type="label" description="Directory Contains">
        <posx>450</posx>
        <posy>-9</posy>
        <align>center</align>
        <font>size26B</font>
        <width>1020</width>
        <label>20344</label>
      </control>
      <control type="spincontrolex" id="3" description="Content Type">
        <posx>435</posx>
        <posy>75</posy>
        <width>1080</width>
        <font>-</font>
        <label>-</label>
        <align>right</align>
        <onup>29</onup>
        <ondown>4</ondown>
        <onleft>28</onleft>
        <onright>28</onright>
        <textoffsetx>20</textoffsetx>
        <texturenofocus>-</texturenofocus>
      </control>
      <control type="label" description="Content Type Label">
        <posx>435</posx>
        <textoffsetx>20</textoffsetx>
        <posy>75</posy>
        <width>578</width>
        <align>left</align>
        <label>$INFO[Control.GetLabel(3)]</label>
      </control>
      <control type="image" description="Splitter">
        <posx>375</posx>
        <posy>156</posy>
        <height>1</height>
        <width>1260</width>
        <texture>img/LineST.png</texture>
      </control>
      <control type="list" id="4" description="Scraper list">
        <posx>705</posx>
        <posy>171</posy>
        <width>810</width>
        <height>210</height>
        <onup>3</onup>
        <onleft>5</onleft>
        <onright>3</onright>
        <ondown>5</ondown>
        <itemlayout height="69" width="810">
          <control type="label">
            <posx>30</posx>
            <width>750</width>
            <height>69</height>
            <info>ListItem.Label</info>
          </control>
        </itemlayout>
        <focusedlayout height="69" width="810">
          <control type="image">
            <visible>Control.HasFocus(4)</visible>
            <posy>0</posy>
            <width>810</width>
            <height>69</height>
            <texture border="5">img/ButtonFO.png</texture>
          </control>
          <control type="label">
            <posx>30</posx>
            <width>750</width>
            <height>69</height>
            <info>ListItem.Label</info>
          </control>
        </focusedlayout>
      </control>
      <control type="image" description="Splitter">
        <posx>375</posx>
        <posy>390</posy>
        <height>1</height>
        <width>1260</width>
        <texture>img/LineST.png</texture>
      </control>
      <control type="grouplist" id="5" description="Control Area">
        <posx>435</posx>
        <posy>405</posy>
        <width>1080</width>
        <height>450</height>
        <itemgap>3</itemgap>
        <onup>4</onup>
        <ondown>6</ondown>
        <onleft>-</onleft>
        <onright>-</onright>
        <orientation>vertical</orientation>
      </control>
      <control type="button" id="7" description="Button Default">
        <width>1080</width>
        <align>left</align>
      </control>
      <control type="radiobutton" id="8" description="RadioButton">
        <width>1080</width>
        <align>left</align>
        <radioposx>1020</radioposx>
      </control>
      <control type="group">
        <posy>72</posy>
        <control type="button" id="6" description="Settings">
          <posx>435</posx>
          <posy>723</posy>
          <width>1080</width>
          <height>75</height>
          <align>left</align>
          <label>$LOCALIZE[5]</label>
          <onup>5</onup>
          <onleft>28</onleft>
          <onright>29</onright>
          <ondown>28</ondown>
        </control>
        <control type="image" description="Splitter">
          <posx>375</posx>
          <posy>813</posy>
          <height>1</height>
          <width>1260</width>
          <texture>img/LineST.png</texture>
        </control>
        <control type="button" id="28" description="OK">
          <posx>510</posx>
          <posy>831</posy>
          <width>330</width>
          <label>186</label>
          <onleft>-</onleft>
          <onright>29</onright>
          <onup>6</onup>
          <ondown>3</ondown>
          <texturenofocus border="4">img/ButtonNF.png</texturenofocus>
        </control>
        <control type="button" id="29" description="Cancel">
          <posx>1008</posx>
          <posy>831</posy>
          <width>330</width>
          <label>222</label>
          <onleft>28</onleft>
          <onright>-</onright>
          <onup>6</onup>
          <ondown>3</ondown>
          <texturenofocus border="4">img/ButtonNF.png</texturenofocus>
        </control>
      </control>
    </control>
    <control type="image" description="Addon Icon">
      <posx>441</posx>
      <posy>210</posy>
      <width>180</width>
      <height>180</height>
      <texture fallback="DefaultAddonNone.png">$INFO[ListItem.Icon]</texture>
      <aspectratio aligny="top">scale</aspectratio>
      <bordertexture border="3">img/ThumbBorder3.png</bordertexture>
      <bordersize>1</bordersize>
    </control>
  </controls>
</window>