﻿<?xml version="1.0" encoding="UTF-8"?>
<window id="601">
  <defaultcontrol always="true">7</defaultcontrol>
  <include>OpenClose</include>
  <controls>
    <include>MiniBackground</include>
    <control type="image">
      <posx>0</posx>
      <posy>0</posy>
      <width>1920</width>
      <height>1080</height>
      <texture fallback="special://skin/backgrounds/tv.jpg">$INFO[Skin.String(Home_Custom_Back_TV_Folder)]</texture>
      <include>VisibleFadeEffect</include>
      <visible>!Player.HasVideo</visible>
    </control>
    <control type="videowindow">
      <posx>0</posx>
      <posy>0</posy>
      <width>1920</width>
      <height>1080</height>
      <visible>Player.HasVideo</visible>
      <animation effect="slide" start="0,0" end="-3000,0" time="0">WindowClose</animation>
    </control>
    <control type="image" description="Vignette">
      <include>Dimensions_Fullscreen</include>
      <texture>img/BlackDotST.png</texture>
      <aspectratio>stretch</aspectratio>
      <animation effect="fade" start="100" end="10" time="200" reversible="true" condition="Control.HasFocus(12)">Conditional</animation>
    </control>
    <control type="image" description="Vignette">
      <posx>0</posx>
      <posy>450</posy>
      <width>1920</width>
      <height>630</height>
      <texture>img/Gradient.png</texture>
      <aspectratio>stretch</aspectratio>
    </control>
    <control type="group" description="Media Info">
      <visible>![Control.HasFocus(12) | Control.HasFocus(10) | Control.HasFocus(9012) | Control.HasFocus(50)]</visible>
      <include>VisibleFadeEffect</include>
      <control type="group" description="top">
        <posx>180</posx>
        <posy>60</posy>
        <control type="label" description="Main Label">
          <visible>!container.content(seasons)</visible>
          <posy>99</posy>
          <width>1200</width>
          <height>60</height>
          <font>size24B</font>
          <textcolor>White2</textcolor>
          <align>left</align>
          <autoscroll time="6000" delay="8000" repeat="8000">true</autoscroll>
          <info>ListItem.Label</info>
        </control>
        <control type="group">
          <posx>870</posx>
          <posy>114</posy>
          <include>FlagsVideoInfo</include>
        </control>
        <control type="image" description="Line Split">
          <posx>0</posx>
          <posy>166</posy>
          <width>1560</width>
          <height>1</height>
          <texture>img/LineST.png</texture>
          <aspectratio>stretch</aspectratio>
        </control>
        <control type="textbox" description="Plot">
          <posx>0</posx>
          <posy>183</posy>
          <width>1560</width>
          <height>171</height>
          <align>justify</align>
          <font>size20</font>
          <autoscroll delay="15000" time="5000" repeat="10000">true</autoscroll>
          <label fallback="195">$VAR[Plots]</label>
        </control>
        <control type="image" description="Line Split">
          <posx>0</posx>
          <posy>370</posy>
          <width>1560</width>
          <height>1</height>
          <texture>img/LineST.png</texture>
          <aspectratio>stretch</aspectratio>
        </control>
        <control type="group">
          <posy>390</posy>
          <posx>0</posx>
          <include>VisibleFadeEffect</include>
          <control type="list" id="49">
            <include>List49_Commons</include>
            <content>
              <item>
                <label>$LOCALIZE[20376]:</label>
                <label2>$INFO[ListItem.OriginalTitle]</label2>
                <onclick>-</onclick>
                <visible>!IsEmpty(ListItem.OriginalTitle) + !stringcompare(ListItem.OriginalTitle,Listitem.Title)</visible>
              </item>
              <item>
                <label>$LOCALIZE[19148]:</label>
                <label2>$INFO[ListItem.ChannelName]</label2>
                <onclick>-</onclick>
              </item>
              <item>
                <label>$LOCALIZE[572]:</label>
                <label2>$INFO[ListItem.Studio]</label2>
                <onclick>-</onclick>
                <visible>!IsEmpty(ListItem.Studio)</visible>
              </item>
              <item>
                <label>$LOCALIZE[515]:</label>
                <label2>$INFO[ListItem.Genre]</label2>
                <onclick>-</onclick>
                <visible>!IsEmpty(ListItem.Genre)</visible>
              </item>
              <item>
                <label>$LOCALIZE[562]:</label>
                <label2>$INFO[ListItem.Year]</label2>
                <onclick>-</onclick>
                <visible>!IsEmpty(ListItem.Year)</visible>
              </item>
              <item>
                <label>$LOCALIZE[20074]:</label>
                <label2>$INFO[ListItem.mpaa]</label2>
                <onclick>-</onclick>
                <visible>!IsEmpty(ListItem.mpaa)</visible>
              </item>
              <item>
                <label>$LOCALIZE[552]:</label>
                <label2>$INFO[ListItem.StartDate]</label2>
                <onclick>-</onclick>
              </item>
              <item>
                <label>$LOCALIZE[142]</label>
                <label2>$INFO[ListItem.StartTime] - $INFO[ListItem.EndTime]</label2>
                <onclick>-</onclick>
              </item>
              <item>
                <label>$LOCALIZE[180]:</label>
                <label2>$INFO[ListItem.Duration]</label2>
                <onclick>-</onclick>
                <visible>!IsEmpty(ListItem.Duration)</visible>
              </item>
              <item>
                <label>-</label>
                <label2>-</label2>
                <onclick>-</onclick>
                <icon>img/LineST.png</icon>
              </item>
            </content>
          </control>
        </control>
      </control>
    </control>
    <control type="group" description="Options">
      <posy>0</posy>
      <posx>0</posx>
      <control type="image">
        <posx>0</posx>
        <posy>1011</posy>
        <height>75</height>
        <width>1920</width>
        <aspectratio>stretch</aspectratio>
        <texture>img/BlackDot.png</texture>
      </control>
      <control type="image" description="Navbar">
        <posx>-82</posx>
        <posy>1012</posy>
        <width>2085</width>
        <height>1</height>
        <aspectratio>stretch</aspectratio>
        <texture>img/Line1.png</texture>
      </control>
      <control type="grouplist">
        <posx>0</posx>
        <posy>1010</posy>
        <width>1920</width>
        <height>88</height>
        <itemgap>0</itemgap>
        <aligny>bottom</aligny>
        <align>center</align>
        <orientation>horizontal</orientation>
        <control type="button" id="5" description="Play">
          <height>75</height>
          <width>270</width>
          <align>center</align>
          <font>size20</font>
          <label>19165</label>
          <altlabel>1024</altlabel>
          <textcolor>White</textcolor>
          <texturefocus>img/HomeBarFO.png</texturefocus>
        </control>
        <control type="button" id="6" description="Record">
          <height>75</height>
          <width>270</width>
          <align>center</align>
          <font>size20</font>
          <textcolor>White</textcolor>
          <label>-</label>
          <texturefocus>img/HomeBarFO.png</texturefocus>
        </control>
        <control type="button" id="7" description="Close">
          <onup>50</onup>
          <height>75</height>
          <width>270</width>
          <align>center</align>
          <font>size20</font>
          <textcolor>White</textcolor>
          <label>186</label>
          <texturefocus>img/HomeBarFO.png</texturefocus>
        </control>
      </control>
    </control>
    <control type="group" description="Header group">
      <control type="image" description="Header">
        <posx>0</posx>
        <posy>0</posy>
        <width>1920</width>
        <height>72</height>
        <texture>img/BlackDotST.png</texture>
        <aspectratio>stretch</aspectratio>
      </control>
      <control type="image" description="Line Split">
        <posx>0</posx>
        <posy>70</posy>
        <width>1920</width>
        <height>1</height>
        <texture>img/LineST.png</texture>
        <aspectratio>stretch</aspectratio>
      </control>
      <control type="label" description="Title">
        <posx>30</posx>
        <posy>3</posy>
        <width>1350</width>
        <height>75</height>
        <align>left</align>
        <aligny>center</aligny>
        <font>size24</font>
        <textcolor>White</textcolor>
        <label>$LOCALIZE[19047]</label>
      </control>
      <control type="label" description="Clock other windows">
        <posx>30r</posx>
        <posy>3</posy>
        <width>195</width>
        <height>75</height>
        <align>right</align>
        <aligny>center</aligny>
        <font>size19</font>
        <textcolor>White</textcolor>
        <label>$INFO[System.Time]</label>
      </control>
    </control>
  </controls>
</window>
