﻿<?xml version="1.0" encoding="UTF-8"?>
<window id="106">
  <defaultcontrol always="true">996</defaultcontrol>
  <allowoverlay>no</allowoverlay>
  <include>DialogOpenClose</include>
  <coordinates>
    <system>1</system>
    <origin x="668" y="80" />
  </coordinates>
  <controls>
    <control type="image" id="999" description="Background image">
      <posx>-19</posx>
      <posy>-45</posy>
      <height>1140</height>
      <width>554</width>
      <texture border="60,60,60,60">img/ContextMenu.png</texture>
    </control>
    <control type="grouplist" id="996" description="Context menu container">
      <posx>18</posx>
      <posy>45</posy>
      <width>480</width>
      <height max="960">auto</height>
      <itemgap>3</itemgap>
    </control>
    <control type="button" id="1000" description="Buttons">
      <posx>-</posx>
      <posy>-</posy>
      <width>480</width>
      <height>60</height>
      <shadowcolor>BlackT</shadowcolor>
      <focusedcolor>White2</focusedcolor>
      <texturefocus border="5">img/ContextButtonFO.png</texturefocus>
      <texturenofocus>-</texturenofocus>
    </control>
  </controls>
</window>