﻿<?xml version="1.0" encoding="UTF-8"?>
<window id="136">
  <coordinates>
    <posx>0</posx>
    <posy>0</posy>
  </coordinates>
  <include>OpenClose</include>
  <controls>
    <control type="image" description="Busy BG">
      <posx>0</posx>
      <posy>0</posy>
      <width>1920</width>
      <height>1080</height>
      <texture>busy/BusyBG.png</texture>
      <aspectratio>keep</aspectratio>
    </control>
    <control type="group">
      <posx>864</posx>
      <posy>444</posy>
      <control type="image" description="Busy animation">
        <posx>0</posx>
        <posy>0</posy>
        <width>192</width>
        <height>192</height>
        <bordersize>24</bordersize>
        <texture>busy/Busy.png</texture>
        <aspectratio>keep</aspectratio>
        <animation effect="rotate" start="360" end="0" center="auto" time="1800" loop="true" condition="true">conditional</animation>
      </control>
    </control>
  </controls>
</window>
