﻿<?xml version="1.0" encoding="UTF-8"?>
<window id="133">
  <defaultcontrol></defaultcontrol>
  <include>OpenClose</include>
  <controls>
    <control type="group">
      <animation effect="slide" end="0,-200" time="200" condition="Window.IsVisible(FullscreenVideo) | Window.IsVisible(Visualisation)">conditional</animation>
	  <posx>1080</posx>
      <posy>0</posy>
      <control type="image" description="Dialog BG">
        <posx>0</posx>
        <posy>-6</posy>
        <width>600</width>
        <height>108</height>
        <texture border="14">img/ProgressBG.png</texture>
      </control>
      <control type="label" id="401" description="Caption Label">
        <posx>22</posx>
        <posy>9</posy>
        <width>555</width>
        <height>27</height>
        <font>size14</font>
        <align>left</align>
        <aligny>center</aligny>
      </control>
      <control type="label" id="405" description="Current Directory Label">
        <posx>22</posx>
        <posy>36</posy>
        <width>555</width>
        <height>30</height>
        <font>size14</font>
        <align>left</align>
        <aligny>center</aligny>
      </control>
      <control type="progress" id="404" description="Progress bar">
        <posx>22</posx>
        <posy>75</posy>
        <width>555</width>
        <height>8</height>
        <texturebg>MusicOSD/ProgressBG.png</texturebg>
        <midtexture>MusicOSD/ProgressMidd.png</midtexture>
        <righttexture>MusicOSD/ProgressRight.png</righttexture>
        <lefttexture>MusicOSD/ProgressLeft.png</lefttexture>
      </control>
    </control>
  </controls>
</window>
