﻿<?xml version="1.0" encoding="UTF-8"?>
<includes>
  <include name="Weather+WeekendForcast">
    <control type="group">
      <visible>StringCompare(Window.Property(Weather.CurrentView),weekend)</visible>
      <control type="group">
        <visible>IsEmpty(Window.Property(Weekend.IsFetched))</visible>
        <posx>450</posx>
        <control type="image" description="Busy animation">
          <posx>408</posx>
          <posy>630</posy>
          <width>144</width>
          <height>144</height>
          <texture>busy/Busy.png</texture>
          <aspectratio>keep</aspectratio>
          <animation effect="rotate" start="360" end="0" center="auto" time="1600" loop="true" condition="true">conditional</animation>
        </control>
        <control type="label">
          <posx>90</posx>
          <posy>765</posy>
          <width>780</width>
          <height>45</height>
          <align>center</align>
          <aligny>center</aligny>
          <label>$LOCALIZE[13413]...</label>
        </control>
      </control>
      <control type="list" id="50">
        <visible>!IsEmpty(Window.Property(Weekend.IsFetched))</visible>
        <posx>240</posx>
        <posy>435</posy>
        <width>1500</width>
        <height>540</height>
        <onleft>9000</onleft>
        <onright>60</onright>
        <onup>50</onup>
        <ondown>50</ondown>
        <viewtype label="535">list</viewtype>
        <pagecontrol>60</pagecontrol>
        <scrolltime>200</scrolltime>
        <itemlayout height="540" width="1500">
          <control type="label">
            <posx>225</posx>
            <posy>-30</posy>
            <width>450</width>
            <height>180</height>
            <font>size18</font>
            <textcolor>White</textcolor>
            <selectedcolor>selected</selectedcolor>
            <align>center</align>
            <aligny>center</aligny>
            <label>$INFO[ListItem.Label]</label>
          </control>
          <control type="image">
            <posx>165</posx>
            <posy>150</posy>
            <width>105</width>
            <height>105</height>
            <aspectratio>keep</aspectratio>
            <texture>$INFO[ListItem.Thumb]</texture>
          </control>
          <control type="label">
            <posx>1335</posx>
            <posy>45</posy>
            <width>885</width>
            <height>240</height>
            <font>size18</font>
            <textcolor>White</textcolor>
            <selectedcolor>selected</selectedcolor>
            <align>right</align>
            <aligny>center</aligny>
            <label>$INFO[ListItem.Label2]</label>
          </control>
          <control type="textbox">
            <posx>585</posx>
            <posy>345</posy>
            <width>750</width>
            <height>240</height>
            <textcolor>White</textcolor>
            <selectedcolor>selected</selectedcolor>
            <align>right</align>
            <label>$INFO[ListItem.ActualIcon]</label>
          </control>
        </itemlayout>
        <focusedlayout height="540" width="1500">
          <control type="image">
            <animation condition="!Control.HasFocus(50)" effect="fade" start="100" end="50" time="200" reversible="true">Conditional</animation>
            <posx>0</posx>
            <posy>0</posy>
            <width>1500</width>
            <height>540</height>
            <texture border="5">img/BlackRoundedW.png</texture>
          </control>
          <control type="label">
            <posx>225</posx>
            <posy>-30</posy>
            <width>450</width>
            <height>360</height>
            <font>size18</font>
            <textcolor>White</textcolor>
            <selectedcolor>selected</selectedcolor>
            <align>center</align>
            <aligny>center</aligny>
            <label>$INFO[ListItem.Label]</label>
          </control>
          <control type="image">
            <posx>142</posx>
            <posy>300</posy>
            <width>195</width>
            <height>195</height>
            <aspectratio>keep</aspectratio>
            <texture>$INFO[ListItem.Thumb]</texture>
          </control>
          <control type="label">
            <posx>1335</posx>
            <posy>45</posy>
            <width>885</width>
            <height>240</height>
            <font>size18</font>
            <textcolor>White</textcolor>
            <selectedcolor>selected</selectedcolor>
            <align>right</align>
            <aligny>center</aligny>
            <label>$INFO[ListItem.Label2]</label>
          </control>
          <control type="textbox">
            <posx>585</posx>
            <posy>345</posy>
            <width>750</width>
            <height>240</height>
            <textcolor>White</textcolor>
            <selectedcolor>selected</selectedcolor>
            <align>right</align>
            <label>$INFO[ListItem.ActualIcon]</label>
          </control>
        </focusedlayout>
        <content>
          <item>
            <icon>$LOCALIZE[31909]</icon>
            <onclick>-</onclick>
            <visible>IsEmpty(Window.Property(Daily.IsFetched))</visible>
          </item>
          <item>
            <label>$LOCALIZE[16][CR][COLOR=Silver]$LOCALIZE[393][/COLOR]$INFO[Window.Property(Weekend.2.HighTemperature), ,]$INFO[System.TemperatureUnits][CR][COLOR=Silver]$LOCALIZE[391][/COLOR]$INFO[Window.Property(Weekend.2.LowTemperature), ,]$INFO[System.TemperatureUnits]</label>
            <label2>$INFO[Window.Property(Weekend.2.Humidity),[COLOR=Silver]$LOCALIZE[406] :[/COLOR] ,%][CR]$INFO[Window.Property(Weekend.2.UV),[COLOR=Silver]$LOCALIZE[403] :[/COLOR] ,][CR]$INFO[Window.Property(Weekend.2.Wind),[COLOR=Silver]$LOCALIZE[404] :[/COLOR] ,][CR]$INFO[Window.Property(Weekend.2.Sunrise),[COLOR=Silver]$LOCALIZE[33027] :[/COLOR] ,][CR]$INFO[Window.Property(Weekend.2.Sunset),[COLOR=Silver]$LOCALIZE[33028] :[/COLOR] ,][CR]$INFO[Window.Property(Weekend.2.Precipitation),[COLOR=Silver]$LOCALIZE[33021] :[/COLOR] ,%]</label2>
            <thumb>$INFO[Window.Property(Weekend.2.OutlookIcon)]</thumb>
            <icon>$INFO[Window.Property(Weekend.2.Outlook),[COLOR=Silver]$LOCALIZE[33030]: [/COLOR]][CR]$INFO[Window.Property(Weekend.2.Forecast),[COLOR=Silver]$LOCALIZE[31905]: [/COLOR]]</icon>
            <onclick>-</onclick>
            <visible>!IsEmpty(Window.Property(Weekend.IsFetched))</visible>
          </item>
          <item>
            <label>$LOCALIZE[17][CR][COLOR=Silver]$LOCALIZE[393][/COLOR]$INFO[Window.Property(Weekend.3.HighTemperature), ,]$INFO[System.TemperatureUnits][CR][COLOR=Silver]$LOCALIZE[391][/COLOR]$INFO[Window.Property(Weekend.3.LowTemperature), ,]$INFO[System.TemperatureUnits]</label>
            <label2>$INFO[Window.Property(Weekend.3.Humidity),[COLOR=Silver]$LOCALIZE[406] :[/COLOR] ,%][CR]$INFO[Window.Property(Weekend.3.UV),[COLOR=Silver]$LOCALIZE[403] :[/COLOR] ,][CR]$INFO[Window.Property(Weekend.3.Wind),[COLOR=Silver]$LOCALIZE[404] :[/COLOR] ,][CR]$INFO[Window.Property(Weekend.3.Sunrise),[COLOR=Silver]$LOCALIZE[33027] :[/COLOR] ,][CR]$INFO[Window.Property(Weekend.3.Sunset),[COLOR=Silver]$LOCALIZE[33028] :[/COLOR] ,][CR]$INFO[Window.Property(Weekend.3.Precipitation),[COLOR=Silver]$LOCALIZE[33021] :[/COLOR] ,%]</label2>
            <thumb>$INFO[Window.Property(Weekend.3.OutlookIcon)]</thumb>
            <icon>$INFO[Window.Property(Weekend.3.Outlook),[COLOR=Silver]$LOCALIZE[33030]: [/COLOR]][CR]$INFO[Window.Property(Weekend.3.Forecast),[COLOR=Silver]$LOCALIZE[31905]: [/COLOR]]</icon>
            <onclick>-</onclick>
            <visible>!IsEmpty(Window.Property(Weekend.IsFetched))</visible>
          </item>
        </content>
      </control>
    </control>
  </include>
</includes>
