﻿<?xml version="1.0" encoding="UTF-8"?>
<window id="1">
  <defaultcontrol always="true">50</defaultcontrol>
  <allowoverlay>no</allowoverlay>
  <controls>
    <control type="group" description="List 50">
      <visible>Control.IsVisible(50)</visible>
      <include>DefaultSquareThumbs</include>
      <control type="group" description="Slider and List">
        <include>SlimListItemCount</include>
        <posx>1020</posx>
        <posy>141</posy>
        <include>SlimListSlider</include>
        <control type="fixedlist" id="50">
          <posx>0</posx>
          <posy>0</posy>
          <width>802</width>
          <height>891</height>
          <onleft condition="!Skin.HasSetting(ViewOptions_Hide)">9000</onleft>
          <onright condition="Skin.HasSetting(Scrollbars_Active)">60</onright>
          <onup>50</onup>
          <ondown>50</ondown>
          <pagecontrol>60</pagecontrol>
          <viewtype label="535">50_List</viewtype>
          <focusposition>5</focusposition>
          <movement>5</movement>
          <preloaditems>4</preloaditems>
          <scrolltime tween="sine" easing="inout">280</scrolltime>
          <itemlayout width="802" height="81">
            <include>ArrowNF</include>
            <control type="label" description="Main Label">
              <include>52MainLabel</include>
              <label>$INFO[ListItem.Label]</label>
            </control>
          </itemlayout>
          <focusedlayout width="802" height="81">
            <include>ArrowFO</include>
            <control type="label" description="Main Label">
              <include>52MainLabelFO</include>
              <label>$INFO[ListItem.Label]</label>
            </control>
          </focusedlayout>
        </control>
      </control>
      <control type="image">
        <visible>Container.HasPrevious</visible>
        <animation effect="fade" time="200">VisibleChange</animation>
        <posx>1005</posx>
        <posy>135</posy>
        <height>81</height>
        <width>832</width>
        <texture flipy="true">img/DefaultGradient.png</texture>
        <aspectratio>stretch</aspectratio>
      </control>
      <control type="image">
        <animation effect="fade" time="200">VisibleChange</animation>
        <visible>Container.HasNext</visible>
        <posx>1005</posx>
        <posy>963</posy>
        <height>81</height>
        <width>832</width>
        <texture>img/DefaultGradient.png</texture>
        <aspectratio>stretch</aspectratio>
      </control>
      <control type="scrollbar" id="60">
        <posx>51r</posx>
        <posy>147</posy>
        <height>882</height>
        <onleft>50</onleft>
        <onright>-</onright>
      </control>
    </control>
    <control type="group" description="51">
      <visible>Control.IsVisible(51)</visible>
      <include>DefaultSquareThumbs</include>
      <control type="group" description="Slider and List">
        <include>LargeListItemCount</include>
        <posx>1020</posx>
        <posy>141</posy>
        <control type="fixedlist" id="51">
          <visible>!IsEmpty(Container.FolderName)</visible>
          <posx>0</posx>
          <posy>0</posy>
          <width>802</width>
          <height>888</height>
          <onleft condition="!Skin.HasSetting(ViewOptions_Hide)">9000</onleft>
          <onright condition="Skin.HasSetting(Scrollbars_Active)">60</onright>
          <onup>51</onup>
          <ondown>51</ondown>
          <pagecontrol>60</pagecontrol>
          <viewtype label="537">Big list</viewtype>
          <focusposition>3</focusposition>
          <movement>4</movement>
          <preloaditems>4</preloaditems>
          <scrolltime tween="sine" easing="inout">280</scrolltime>
          <include>LargeListAddonsLayout</include>
        </control>
        <include>LargeListSlider</include>
      </control>
      <include>LargeListFade</include>
      <control type="scrollbar" id="60">
        <posx>51r</posx>
        <posy>135</posy>
        <height>870</height>
        <onleft>51</onleft>
        <onright>-</onright>
      </control>
    </control>
    <control type="group" description="Grid">
      <visible>Control.IsVisible(53)</visible>
      <control type="group" description="Container and frame">
        <control type="panel" id="53" description="Grid">
          <visible>Skin.HasSetting(AddViews)</visible>
          <viewtype label="536">Icons</viewtype>
          <posx>60</posx>
          <posy>210</posy>
          <width>1800</width>
          <height>897</height>
          <orientation>vertical</orientation>
          <onup>-</onup>
          <ondown>-</ondown>
          <onleft condition="!Skin.HasSetting(ViewOptions_Hide)">9000</onleft>
          <onright condition="Skin.HasSetting(Scrollbars_Active)">60</onright>
          <preloaditems>4</preloaditems>
          <pagecontrol>60</pagecontrol>
          <scrolltime>400</scrolltime>
          <itemlayout height="375" width="300">
            <control type="image">
              <posx>22</posx>
              <posy>279</posy>
              <width>255</width>
              <height>255</height>
              <texture flipy="true" diffuse="img/Reflection0.png" background="true">$INFO[ListItem.Icon]</texture>
              <aspectratio>stretch</aspectratio>
            </control>
            <control type="image">
              <posx>22</posx>
              <posy>24</posy>
              <width>255</width>
              <height>255</height>
              <texture fallback="DefaultAudio.png" background="true">$INFO[ListItem.Icon]</texture>
              <aspectratio>stretch</aspectratio>
            </control>
            <control type="image">
              <posx>22</posx>
              <posy>24</posy>
              <width>255</width>
              <height>255</height>
              <texture border="3">img/CoverOverlay0.png</texture>
              <aspectratio>stretch</aspectratio>
            </control>
          </itemlayout>
          <focusedlayout height="375" width="300">
            <control type="image">
              <animation effect="fade" start="100" end="20" delay="100" time="200" reversible="true">Focus</animation>
              <posx>22</posx>
              <posy>279</posy>
              <width>255</width>
              <height>255</height>
              <texture flipy="true" diffuse="img/Reflection0.png" background="true">$INFO[ListItem.Icon]</texture>
              <aspectratio>stretch</aspectratio>
            </control>
            <control type="image">
              <posx>22</posx>
              <posy>24</posy>
              <width>255</width>
              <height>255</height>
              <texture fallback="DefaultAudio.png" background="true">$INFO[ListItem.Icon]</texture>
              <aspectratio>stretch</aspectratio>
            </control>
            <control type="image">
              <posx>22</posx>
              <posy>24</posy>
              <width>255</width>
              <height>255</height>
              <texture border="3">img/CoverOverlay0.png</texture>
              <aspectratio>stretch</aspectratio>
            </control>
            <control type="label">
              <animation effect="fade" start="0" end="100" time="200" delay="100">Focus</animation>
              <posx>150</posx>
              <posy>300</posy>
              <width>270</width>
              <height>45</height>
              <font>size18</font>
              <textcolor>White2</textcolor>
              <shadowcolor>Black</shadowcolor>
              <align>center</align>
              <label>[B]$INFO[ListItem.Label][/B]</label>
            </control>
          </focusedlayout>
        </control>
        <control type="group" description="Frame Sliders">
          <animation condition="Control.HasFocus(60)" effect="slide" start="0,0" end="1890,540" time="200" reversible="true">Conditional</animation>
          <animation condition="Control.HasFocus(60)" effect="zoom" start="100" end="0" time="200" reversible="true">Conditional</animation>
          <animation condition="Control.HasFocus(60)" effect="fade" start="100" end="0" time="200" reversible="true">Conditional</animation>
          <control type="image">
            <posx>55</posx>
            <posy>207</posy>
            <width>309</width>
            <height>309</height>
            <texture border="28">img/Frame25.png</texture>
            <aspectratio>stretch</aspectratio>
            <animation condition="Container.Column(0)" effect="slide" start="0,0" end="0,0" time="200" reversible="true">Conditional</animation>
            <animation condition="Container.Column(1)" effect="slide" start="0,0" end="300,0" time="200" reversible="true">Conditional</animation>
            <animation condition="Container.Column(2)" effect="slide" start="0,0" end="600,0" time="200" reversible="true">Conditional</animation>
            <animation condition="Container.Column(3)" effect="slide" start="0,0" end="900,0" time="200" reversible="true">Conditional</animation>
            <animation condition="Container.Column(4)" effect="slide" start="0,0" end="1200,0" time="200" reversible="true">Conditional</animation>
            <animation condition="Container.Column(5)" effect="slide" start="0,0" end="1500,0" time="200" reversible="true">Conditional</animation>
            <animation condition="Container.Row(0)" effect="slide" start="0,0" end="0,0" time="200" reversible="true">Conditional</animation>
            <animation condition="Container.Row(1)" effect="slide" start="0,0" end="0,375" time="200" reversible="true">Conditional</animation>
            <animation condition="Container.Row(2)" effect="slide" start="0,0" end="0,375" time="200" reversible="true">Conditional</animation>
          </control>
        </control>
      </control>
      <control type="image" description="Line Split">
        <posx>82</posx>
        <posy>164</posy>
        <width>1748</width>
        <height>1</height>
        <texture>img/LineL.png</texture>
        <aspectratio>stretch</aspectratio>
      </control>
      <control type="grouplist" description="Media Header">
        <posx>82</posx>
        <posy>54</posy>
        <width>930</width>
        <height>75</height>
        <align>left</align>
        <aligny>bottom</aligny>
        <orientation>horizontal</orientation>
        <control type="label" id="7777" description="Heading">
          <width min="60" max="930">auto</width>
          <height>75</height>
          <font>size28</font>
          <textcolor>White2</textcolor>
          <label>$VAR[GlobalHeadings]</label>
        </control>
        <control type="label" description="Number of files">
          <visible>!IsEmpty(Control.GetLabel(7777))</visible>
          <width min="60" max="120">auto</width>
          <height>81</height>
          <font>size17</font>
          <textcolor>Grey</textcolor>
          <label>$INFO[Container.NumItems,  (,)]</label>
        </control>
      </control>
      <control type="label" description="Media details">
        <posx>82</posx>
        <posy>117</posy>
        <width>1200</width>
        <textcolor>Silver</textcolor>
        <include>Genre51Commons</include>
        <label>$INFO[ListItem.label][COLOR=Grey]$VAR[TopLabel, - ][/COLOR]</label>
      </control>
      <control type="label" description="Media details">
        <posx>110r</posx>
        <posy>120</posy>
        <height>27</height>
        <width>495</width>
        <align>right</align>
        <font>size19</font>
        <textcolor>Silver</textcolor>
        <label>$INFO[ListItem.Property(Addon.Type)]</label>
      </control>
      <control type="image" description="Bottom fade">
        <posx>0</posx>
        <posy>990</posy>
        <width>1920</width>
        <height>90</height>
        <texture>img/DefaultGradient.png</texture>
        <aspectratio>stretch</aspectratio>
      </control>
      <control type="scrollbar" id="60">
        <posx>45r</posx>
        <posy>219</posy>
        <height>660</height>
        <onleft>53</onleft>
        <onright>9000</onright>
      </control>
    </control>
      <control type="group" description="Side menu 9000 group">
      <visible allowhiddenfocus="true">ControlGroup(9000).HasFocus()</visible>
      <include>DialogOpenCloseVisible</include>
      <control type="image" description="List back">
        <posx>459</posx>
        <posy>168</posy>
        <width>1002</width>
        <height>687</height>
        <aspectratio>stretch</aspectratio>
        <texture border="136,127,128,139">img/Dialog.png</texture>
      </control>
      <control type="grouplist" id="9000">
        <include>9000GrouplistParameters</include>
          <control type="button" id="2" description="Views">
            <include>9000Buttons</include>
          </control>
          <control type="button" id="3" description="Sort">
            <include>9000Buttons</include>
          </control>
          <control type="togglebutton" id="4" description="SortMode">
            <alttexturenofocus>-</alttexturenofocus>
            <include>9000Buttons</include>
            <label>$LOCALIZE[21429]: $LOCALIZE[21430]</label>
            <altlabel>$LOCALIZE[21429]: $LOCALIZE[21431]</altlabel>
          </control>
          <control type="togglebutton" id="699" description="Playing">
            <enable>Player.HasMedia</enable>
            <include>9000Buttons</include>
            <label>$LOCALIZE[16003]</label>
            <altlabel>$LOCALIZE[31977]</altlabel>
            <usealttexture>Player.HasMedia</usealttexture>
            <onclick>fullscreen</onclick>
            <altclick>fullscreen</altclick>
            <animation effect="fade" start="100" end="60" time="100" condition="!Player.HasMedia">Conditional</animation>
          </control>
      </control>
    </control>
    <include>MediaHeader</include>
    <control type="label" description="Heading">
      <visible>IsEmpty(Container.FolderName)</visible>
      <include>HeadingR</include>
      <label>0</label>
    </control>
  </controls>
</window>