﻿<?xml version="1.0" encoding="UTF-8"?>
<window id="12">
  <defaultcontrol always="true">3</defaultcontrol>
  <allowoverlay>no</allowoverlay>
  <include>OpenClose</include>
  <controls>
    <include>MiniBackground</include>
    <control type="image" description="Line Split">
      <posx>474</posx>
      <posy>60</posy>
      <width>6</width>
      <height>1020</height>
      <aspectratio>stretch</aspectratio>
      <texture>img/LineV.png</texture>
    </control>
    <control type="label" description="Heading">
      <include>Heading</include>
      <label>10004</label>
    </control>
    <control type="grouplist" id="3" description="Left - Button Area">
      <posx>60</posx>
      <posy>165</posy>
      <width>420</width>
      <height>900</height>
      <itemgap>9</itemgap>
      <onleft>5</onleft>
      <onright>5</onright>
      <onup>3</onup>
      <ondown>3</ondown>
      <orientation>vertical</orientation>
    </control>
    <control type="grouplist" id="5" description="Right - Control Area">
      <posx>540</posx>
      <posy>165</posy>
      <width>1260</width>
      <height>912</height>
      <itemgap>0</itemgap>
      <onleft>3</onleft>
      <onright>60</onright>
      <onup>5</onup>
      <ondown>5</ondown>
      <pagecontrol>60</pagecontrol>
      <orientation>vertical</orientation>
    </control>
    <control type="button" id="7" description="Button">
      <width>1260</width>
      <texturenofocus>-</texturenofocus>
      <texturefocus border="5">img/ButtonFO.png</texturefocus>
      <font>size23</font>
      <align>left</align>
    </control>
    <control type="radiobutton" id="8" description="Radio Button">
      <width>1260</width>
      <texturenofocus>-</texturenofocus>
      <texturefocus border="5">img/ButtonFO.png</texturefocus>
      <radioposx>1197</radioposx>
      <font>size23</font>
      <align>left</align>
    </control>
    <control type="spincontrolex" id="9" description="Spin control">
      <width>1260</width>
      <texturenofocus>-</texturenofocus>
      <texturefocus border="5">img/ButtonFO.png</texturefocus>
      <align>left</align>
      <font>size23</font>
    </control>
    <control type="button" id="10" description="Category Button">
      <texturenofocus>img/SettingsButtonNF.png</texturenofocus>
      <texturefocus border="4">img/SettingsButtonFO.png</texturefocus>
      <textoffsetx>20</textoffsetx>
      <align>left</align>
      <aligny>center</aligny>
      <font>size23</font>
    </control>
    <control type="scrollbar" id="60">
      <posx>39r</posx>
      <posy>159</posy>
      <height>861</height>
      <onleft>5</onleft>
      <onright>3</onright>
    </control>
  </controls>
</window>