<?xml version="1.0" encoding="UTF-8" standalone="yes"?>
<addon  id="script.plexbmc.helper" 
        name="PleXBMC Helper" 
        version="3.0.1" 
        provider-name="Hippojay (plexbmc@h-jay.com)">
  <requires>
    <import addon="xbmc.python" version="2.1.0"/>
  </requires>
  <extension point="xbmc.service"
             library="default.py" start="startup">
  </extension>
  <extension point="xbmc.addon.metadata">
    <platform>all</platform>
    <minversion>1</minversion>
    <summary lang="en">Helps PLEXBMC use Plex Remote applications.</summary>
    <description lang="en">A helper application that allows iOS and andriod plex remotes communicate with the PleXBMC addon for XBMC.</description>
  </extension>
</addon>
