﻿<?xml version="1.0" encoding="UTF-8"?>
<window type="window" id="1113">
  <defaultcontrol always="true">51</defaultcontrol>
  <include>OpenClose</include>
  <controls>
    <include>MediaHeader</include>
    <control type="label" description="Heading">
      <visible>!IsEmpty(Window(Home).Property(WatchList_Episode.1.Label))</visible>
      <include>HeadingR</include>
      <label>31981</label>
    </control>
    <control type="label" description="Heading">
      <visible>IsEmpty(Window(Home).Property(WatchList_Episode.1.Label))</visible>
      <include>HeadingR</include>
      <label>504</label>
    </control>
    <control type="group" description="Fat List 51">
      <visible>Control.IsVisible(51)</visible>
      <control type="group" description="Episode thumbs">
        <visible>!Skin.HasSetting(WL_Poster)</visible>
        <posy>135</posy>
        <posx>-33</posx>
        <control type="image" description="Thumb Reflection">
          <posx>153</posx>
          <posy>450</posy>
          <width>750</width>
          <height>450</height>
          <include>Icon_Fade</include>
          <texture diffuse="img/Reflection0Long.png" flipy="true">$INFO[Container(51).ListItem.Thumb]</texture>
          <aspectratio>scale</aspectratio>
        </control>
        <control type="image" description="Thumb">
          <posx>153</posx>
          <posy>0</posy>
          <width>750</width>
          <height>450</height>
          <include>Icon_Fade</include>
          <texture>$INFO[Container(51).ListItem.Thumb]</texture>
          <aspectratio>scale</aspectratio>
        </control>
        <control type="image" description="Thumb">
          <visible>!IsEmpty(Container(51).ListItem.Thumb)</visible>
          <posx>153</posx>
          <posy>0</posy>
          <width>750</width>
          <height>450</height>
          <include>Icon_Fade</include>
          <texture border="3">img/CoverOverlay0.png</texture>
          <aspectratio>stretch</aspectratio>
        </control>
      </control>
      <control type="group" description="Posters Season">
        <visible>Skin.HasSetting(WL_Poster)</visible>
        <posy>75</posy>
        <posx>309</posx>
        <control type="image" description="Thumb Reflection">
          <posx>0</posx>
          <posy>540</posy>
          <width>366</width>
          <height>540</height>
          <include>Icon_Fade</include>
          <texture diffuse="img/Reflection0.png" flipy="true">$INFO[Container(51).ListItem.Property(SeasonThumb)]</texture>
          <aspectratio>stretch</aspectratio>
        </control>
        <control type="image" description="Thumb">
          <posx>0</posx>
          <posy>0</posy>
          <width>366</width>
          <height>540</height>
          <include>Icon_Fade</include>
          <texture>$INFO[Container(51).ListItem.Property(SeasonThumb)]</texture>
          <aspectratio>stretch</aspectratio>
        </control>
        <control type="image" description="Thumb">
          <visible>!IsEmpty(Container(51).ListItem.Property(SeasonThumb))</visible>
          <posx>0</posx>
          <posy>0</posy>
          <width>366</width>
          <height>540</height>
          <include>Icon_Fade</include>
          <texture border="3">img/CoverOverlay0.png</texture>
          <aspectratio>stretch</aspectratio>
        </control>
      </control>
      <control type="group" description="Media info">
        <visible>!IsEmpty(Window(Home).Property(WatchList_Episode.1.Label))</visible>
        <posx>112</posx>
        <posy>27</posy>
        <control type="group">
          <posx>0</posx>
          <posy>663</posy>
          <control type="label" description="Main Label">
            <width>608</width>
            <font>size22B</font>
            <textcolor>White</textcolor>
            <include>Genre51Commons</include>
            <label>$INFO[Container(51).ListItem.Label]</label>
          </control>
          <control type="image" description="Rating">
            <visible>!IsEmpty(Container(51).ListItem.Property(Rating))</visible>
            <posx>618</posx>
            <posy>0</posy>
            <height>27</height>
            <width>150</width>
            <aspectratio align="left">keep</aspectratio>
            <texture>$INFO[Container(51).ListItem.Property(Rating),badges/,.png]</texture>
          </control>
          <control type="textbox" description="Plot51">
            <include>Plot51Commons</include>
            <label>$INFO[Container(51).ListItem.Property(Plot)]</label>
          </control>
          <control type="label" description="1 Bottom Label">
            <posy>240</posy>
            <include>Genre51Commons</include>
            <label>$INFO[Container(51).ListItem.Label2]</label>
          </control>
          <control type="label" description="2 bottom Label">
            <visible>!IsEmpty(Container(51).ListItem.Property(Label3))</visible>
            <posy>285</posy>
            <include>Genre51Commons</include>
            <label>$INFO[Container(51).ListItem.Property(Label3)]</label>
          </control>
        </control>
      </control>
      <control type="group" description="Slider and List">
        <animation effect="slide" start="0,0" end="0,-333" time="0" condition="StringCompare(Container(51).NumItems,1) | StringCompare(Container(51).NumItems,2)">conditional</animation>
        <animation effect="slide" start="0,0" end="0,-222" time="0" condition="StringCompare(Container(51).NumItems,3) | StringCompare(Container(51).NumItems,4)">conditional</animation>
        <animation effect="slide" start="0,0" end="0,-111" time="0" condition="StringCompare(Container(51).NumItems,5) | StringCompare(Container(51).NumItems,6)">conditional</animation>
        <posx>1020</posx>
        <posy>141</posy>
        <control type="fixedlist" id="51">
          <posx>0</posx>
          <posy>0</posy>
          <width>802</width>
          <height>888</height>
          <onleft>9000</onleft>
          <onright condition="Skin.HasSetting(Scrollbars_Active)">60</onright>
          <onup>51</onup>
          <ondown>51</ondown>
          <pagecontrol>60</pagecontrol>
          <viewtype label="537">Big list</viewtype>
          <focusposition>3</focusposition>
          <movement>4</movement>
          <scrolltime tween="sine" easing="inout">280</scrolltime>
          <itemlayout condition="!Skin.HasSetting(WL_Poster)" width="802" height="111">
            <include>ListBG</include>
            <control type="image" description="SCALE">
              <posx>9</posx>
              <posy>9</posy>
              <height>93</height>
              <width>69</width>
              <texture>$INFO[ListItem.Property(SeasonThumb)]</texture>
              <aspectratio>stretch</aspectratio>
            </control>
            <control type="image">
              <visible>!IsEmpty(ListItem.Property(SeasonThumb))</visible>
              <posx>9</posx>
              <posy>9</posy>
              <height>93</height>
              <width>69</width>
              <texture border="3">img/CoverOverlay0.png</texture>
            </control>
            <control type="image">
              <posx>96</posx>
              <posy>0</posy>
              <height>111</height>
              <width>30</width>
              <texture>overlay/$INFO[ListItem.Property(Resumable),,.png]</texture>
              <aspectratio>keep</aspectratio>
            </control>
            <control type="label" description="Main">
              <posx>135</posx>
              <width>630</width>
              <include>51MainLabel</include>
              <label>$INFO[ListItem.Label2]</label>
            </control>
            <control type="label" description="Label2">
              <posx>135</posx>
              <width>630</width>
              <include>51Label2</include>
              <label>$INFO[ListItem.Property(SeasonEpisode)]$INFO[ListItem.Label]</label>
            </control>
          </itemlayout>
          <focusedlayout condition="!Skin.HasSetting(WL_Poster)" width="802" height="111">
            <include>ListBG</include>
            <control type="image" description="SCALE">
              <posx>9</posx>
              <posy>9</posy>
              <height>93</height>
              <width>69</width>
              <texture>$INFO[ListItem.Property(SeasonThumb)]</texture>
              <aspectratio>stretch</aspectratio>
            </control>
            <control type="image">
              <posx>9</posx>
              <posy>9</posy>
              <height>93</height>
              <width>69</width>
              <texture border="3">img/CoverOverlay0.png</texture>
            </control>
            <control type="image">
              <posx>96</posx>
              <posy>0</posy>
              <height>111</height>
              <width>30</width>
              <texture>overlay/$INFO[ListItem.Property(Resumable),,.png]</texture>
              <aspectratio>keep</aspectratio>
            </control>
            <control type="label" description="Main Label">
              <posx>135</posx>
              <width>630</width>
              <include>51MainLabelFO</include>
              <label>$INFO[ListItem.Label2]</label>
            </control>
            <control type="label" description="Label2">
              <posx>135</posx>
              <width>630</width>
              <include>51Label2FO</include>
              <label>$INFO[ListItem.Property(SeasonEpisode)]$INFO[ListItem.Label]</label>
            </control>
          </focusedlayout>
          <itemlayout condition="Skin.HasSetting(WL_Poster)" width="802" height="111">
            <include>ListBG</include>
            <control type="image" description="SCALE">
              <posx>9</posx>
              <posy>9</posy>
              <height>93</height>
              <width>129</width>
              <texture>$INFO[ListItem.Thumb]</texture>
              <aspectratio>scale</aspectratio>
            </control>
            <control type="image">
              <visible>!IsEmpty(ListItem.Thumb)</visible>
              <posx>9</posx>
              <posy>9</posy>
              <height>93</height>
              <width>129</width>
              <texture border="3">img/CoverOverlay0.png</texture>
            </control>
            <control type="image">
              <posx>156</posx>
              <posy>0</posy>
              <height>111</height>
              <width>30</width>
              <texture>overlay/$INFO[ListItem.Property(Resumable),,.png]</texture>
              <aspectratio>keep</aspectratio>
            </control>
            <control type="label" description="Main">
              <posx>195</posx>
              <width>570</width>
              <include>51MainLabel</include>
              <label>$INFO[ListItem.Label2]</label>
            </control>
            <control type="label" description="Label2">
              <posx>195</posx>
              <width>570</width>
              <include>51Label2</include>
              <label>$INFO[ListItem.Property(SeasonEpisode)]$INFO[ListItem.Label]</label>
            </control>
          </itemlayout>
          <focusedlayout condition="Skin.HasSetting(WL_Poster)" width="802" height="111">
            <include>ListBG</include>
            <control type="image" description="SCALE">
              <posx>9</posx>
              <posy>9</posy>
              <height>93</height>
              <width>129</width>
              <texture>$INFO[ListItem.Thumb]</texture>
              <aspectratio>scale</aspectratio>
            </control>
            <control type="image">
              <visible>!IsEmpty(ListItem.Thumb)</visible>
              <posx>9</posx>
              <posy>9</posy>
              <height>93</height>
              <width>129</width>
              <texture border="3">img/CoverOverlay0.png</texture>
            </control>
            <control type="image">
              <posx>156</posx>
              <posy>0</posy>
              <height>111</height>
              <width>30</width>
              <texture>overlay/$INFO[ListItem.Property(Resumable),,.png]</texture>
              <aspectratio>keep</aspectratio>
            </control>
            <control type="label" description="Main Label">
              <posx>195</posx>
              <width>570</width>
              <include>51MainLabelFO</include>
              <label>$INFO[ListItem.Label2]</label>
            </control>
            <control type="label" description="Label2">
              <posx>195</posx>
              <width>570</width>
              <include>51Label2FO</include>
              <label>$INFO[ListItem.Property(SeasonEpisode)]$INFO[ListItem.Label]</label>
            </control>
          </focusedlayout>
          <content>
            <item id="1" description="Episodes">
              <property name="SeasonEpisode">$INFO[Window(Home).Property(WatchList_Episode.1.Season),,x]$INFO[Window(Home).Property(WatchList_Episode.1.Episode),,.]</property>
              <property name="Rating">$INFO[Window(Home).Property(WatchList_Episode.1.Rating)]</property>
              <property name="Plot">$INFO[Window(Home).Property(WatchList_Episode.1.Plot)]</property>
              <property name="Label3">$LOCALIZE[20373] $INFO[Window(Home).Property(WatchList_Episode.1.Season)] - $LOCALIZE[20359] $INFO[Window(Home).Property(WatchList_Episode.1.Episode)]</property>
              <label>$INFO[Window(Home).Property(WatchList_Episode.1.Label)]</label>
              <label2>$INFO[Window(Home).Property(WatchList_Episode.1.TVShowTitle)]</label2>
              <thumb>$INFO[Window(Home).Property(WatchList_Episode.1.Thumb)]</thumb>
              <property name="SeasonThumb">$INFO[Window(Home).Property(WatchList_Episode.1.SeasonThumb)]</property>
              <property name="Resumable">$INFO[Window(Home).Property(WatchList_Episode.1.IsResumable)]</property>
              <onclick>PlayMedia($ESCINFO[Window(Home).Property(WatchList_Episode.1.Path)])</onclick>
            </item>
            <item id="2" description="Episodes">
              <visible>!IsEmpty(Window(Home).Property(WatchList_Episode.2.Label))</visible>
              <property name="SeasonEpisode">$INFO[Window(Home).Property(WatchList_Episode.2.Season),,x]$INFO[Window(Home).Property(WatchList_Episode.2.Episode),,.]</property>
              <property name="Rating">$INFO[Window(Home).Property(WatchList_Episode.2.Rating)]</property>
              <property name="Plot">$INFO[Window(Home).Property(WatchList_Episode.2.Plot)]</property>
              <property name="Label3">$LOCALIZE[20373] $INFO[Window(Home).Property(WatchList_Episode.2.Season)] - $LOCALIZE[20359] $INFO[Window(Home).Property(WatchList_Episode.2.Episode)]</property>
              <label>$INFO[Window(Home).Property(WatchList_Episode.2.Label)]</label>
              <label2>$INFO[Window(Home).Property(WatchList_Episode.2.TVShowTitle)]</label2>
              <thumb>$INFO[Window(Home).Property(WatchList_Episode.2.Thumb)]</thumb>
              <property name="SeasonThumb">$INFO[Window(Home).Property(WatchList_Episode.2.SeasonThumb)]</property>
              <property name="Resumable">$INFO[Window(Home).Property(WatchList_Episode.2.IsResumable)]</property>
              <onclick>PlayMedia($ESCINFO[Window(Home).Property(WatchList_Episode.2.Path)])</onclick>
            </item>
            <item id="3" description="Episodes">
              <visible>!IsEmpty(Window(Home).Property(WatchList_Episode.3.Label))</visible>
              <property name="SeasonEpisode">$INFO[Window(Home).Property(WatchList_Episode.3.Season),,x]$INFO[Window(Home).Property(WatchList_Episode.3.Episode),,.]</property>
              <property name="Rating">$INFO[Window(Home).Property(WatchList_Episode.3.Rating)]</property>
              <property name="Plot">$INFO[Window(Home).Property(WatchList_Episode.3.Plot)]</property>
              <property name="Label3">$LOCALIZE[20373] $INFO[Window(Home).Property(WatchList_Episode.3.Season)] - $LOCALIZE[20359] $INFO[Window(Home).Property(WatchList_Episode.3.Episode)]</property>
              <label>$INFO[Window(Home).Property(WatchList_Episode.3.Label)]</label>
              <label2>$INFO[Window(Home).Property(WatchList_Episode.3.TVShowTitle)]</label2>
              <thumb>$INFO[Window(Home).Property(WatchList_Episode.3.Thumb)]</thumb>
              <property name="SeasonThumb">$INFO[Window(Home).Property(WatchList_Episode.3.SeasonThumb)]</property>
              <property name="Resumable">$INFO[Window(Home).Property(WatchList_Episode.3.IsResumable)]</property>
              <onclick>PlayMedia($ESCINFO[Window(Home).Property(WatchList_Episode.3.Path)])</onclick>
            </item>
            <item id="4" description="Episodes">
              <visible>!IsEmpty(Window(Home).Property(WatchList_Episode.4.Label))</visible>
              <property name="SeasonEpisode">$INFO[Window(Home).Property(WatchList_Episode.4.Season),,x]$INFO[Window(Home).Property(WatchList_Episode.4.Episode),,.]</property>
              <property name="Rating">$INFO[Window(Home).Property(WatchList_Episode.4.Rating)]</property>
              <property name="Plot">$INFO[Window(Home).Property(WatchList_Episode.4.Plot)]</property>
              <property name="Label3">$LOCALIZE[20373] $INFO[Window(Home).Property(WatchList_Episode.4.Season)] - $LOCALIZE[20359] $INFO[Window(Home).Property(WatchList_Episode.4.Episode)]</property>
              <label>$INFO[Window(Home).Property(WatchList_Episode.4.Label)]</label>
              <label2>$INFO[Window(Home).Property(WatchList_Episode.4.TVShowTitle)]</label2>
              <thumb>$INFO[Window(Home).Property(WatchList_Episode.4.Thumb)]</thumb>
              <property name="SeasonThumb">$INFO[Window(Home).Property(WatchList_Episode.4.SeasonThumb)]</property>
              <property name="Resumable">$INFO[Window(Home).Property(WatchList_Episode.4.IsResumable)]</property>
              <onclick>PlayMedia($ESCINFO[Window(Home).Property(WatchList_Episode.4.Path)])</onclick>
            </item>
            <item id="5" description="Episodes">
              <visible>!IsEmpty(Window(Home).Property(WatchList_Episode.5.Label))</visible>
              <property name="SeasonEpisode">$INFO[Window(Home).Property(WatchList_Episode.5.Season),,x]$INFO[Window(Home).Property(WatchList_Episode.5.Episode),,.]</property>
              <property name="Rating">$INFO[Window(Home).Property(WatchList_Episode.5.Rating)]</property>
              <property name="Plot">$INFO[Window(Home).Property(WatchList_Episode.5.Plot)]</property>
              <property name="Label3">$LOCALIZE[20373] $INFO[Window(Home).Property(WatchList_Episode.5.Season)] - $LOCALIZE[20359] $INFO[Window(Home).Property(WatchList_Episode.5.Episode)]</property>
              <label>$INFO[Window(Home).Property(WatchList_Episode.5.Label)]</label>
              <label2>$INFO[Window(Home).Property(WatchList_Episode.5.TVShowTitle)]</label2>
              <thumb>$INFO[Window(Home).Property(WatchList_Episode.5.Thumb)]</thumb>
              <property name="SeasonThumb">$INFO[Window(Home).Property(WatchList_Episode.5.SeasonThumb)]</property>
              <property name="Resumable">$INFO[Window(Home).Property(WatchList_Episode.5.IsResumable)]</property>
              <onclick>PlayMedia($ESCINFO[Window(Home).Property(WatchList_Episode.5.Path)])</onclick>
            </item>
            <item id="6" description="Episodes">
              <visible>!IsEmpty(Window(Home).Property(WatchList_Episode.6.Label))</visible>
              <property name="SeasonEpisode">$INFO[Window(Home).Property(WatchList_Episode.6.Season),,x]$INFO[Window(Home).Property(WatchList_Episode.6.Episode),,.]</property>
              <property name="Rating">$INFO[Window(Home).Property(WatchList_Episode.6.Rating)]</property>
              <property name="Plot">$INFO[Window(Home).Property(WatchList_Episode.6.Plot)]</property>
              <property name="Label3">$LOCALIZE[20373] $INFO[Window(Home).Property(WatchList_Episode.6.Season)] - $LOCALIZE[20359] $INFO[Window(Home).Property(WatchList_Episode.6.Episode)]</property>
              <label>$INFO[Window(Home).Property(WatchList_Episode.6.Label)]</label>
              <label2>$INFO[Window(Home).Property(WatchList_Episode.6.TVShowTitle)]</label2>
              <thumb>$INFO[Window(Home).Property(WatchList_Episode.6.Thumb)]</thumb>
              <property name="SeasonThumb">$INFO[Window(Home).Property(WatchList_Episode.6.SeasonThumb)]</property>
              <property name="Resumable">$INFO[Window(Home).Property(WatchList_Episode.6.IsResumable)]</property>
              <onclick>PlayMedia($ESCINFO[Window(Home).Property(WatchList_Episode.6.Path)])</onclick>
            </item>
            <item id="7" description="Episodes">
              <visible>!IsEmpty(Window(Home).Property(WatchList_Episode.7.Label))</visible>
              <property name="SeasonEpisode">$INFO[Window(Home).Property(WatchList_Episode.7.Season),,x]$INFO[Window(Home).Property(WatchList_Episode.7.Episode),,.]</property>
              <property name="Rating">$INFO[Window(Home).Property(WatchList_Episode.7.Rating)]</property>
              <property name="Plot">$INFO[Window(Home).Property(WatchList_Episode.7.Plot)]</property>
              <property name="Label3">$LOCALIZE[20373] $INFO[Window(Home).Property(WatchList_Episode.7.Season)] - $LOCALIZE[20359] $INFO[Window(Home).Property(WatchList_Episode.7.Episode)]</property>
              <label>$INFO[Window(Home).Property(WatchList_Episode.7.Label)]</label>
              <label2>$INFO[Window(Home).Property(WatchList_Episode.7.TVShowTitle)]</label2>
              <thumb>$INFO[Window(Home).Property(WatchList_Episode.7.Thumb)]</thumb>
              <property name="SeasonThumb">$INFO[Window(Home).Property(WatchList_Episode.7.SeasonThumb)]</property>
              <property name="Resumable">$INFO[Window(Home).Property(WatchList_Episode.7.IsResumable)]</property>
              <onclick>PlayMedia($ESCINFO[Window(Home).Property(WatchList_Episode.7.Path)])</onclick>
            </item>
            <item id="8" description="Episodes">
              <visible>!IsEmpty(Window(Home).Property(WatchList_Episode.8.Label))</visible>
              <property name="SeasonEpisode">$INFO[Window(Home).Property(WatchList_Episode.8.Season),,x]$INFO[Window(Home).Property(WatchList_Episode.8.Episode),,.]</property>
              <property name="Rating">$INFO[Window(Home).Property(WatchList_Episode.8.Rating)]</property>
              <property name="Plot">$INFO[Window(Home).Property(WatchList_Episode.8.Plot)]</property>
              <property name="Label3">$LOCALIZE[20373] $INFO[Window(Home).Property(WatchList_Episode.8.Season)] - $LOCALIZE[20359] $INFO[Window(Home).Property(WatchList_Episode.8.Episode)]</property>
              <label>$INFO[Window(Home).Property(WatchList_Episode.8.Label)]</label>
              <label2>$INFO[Window(Home).Property(WatchList_Episode.8.TVShowTitle)]</label2>
              <thumb>$INFO[Window(Home).Property(WatchList_Episode.8.Thumb)]</thumb>
              <property name="SeasonThumb">$INFO[Window(Home).Property(WatchList_Episode.8.SeasonThumb)]</property>
              <property name="Resumable">$INFO[Window(Home).Property(WatchList_Episode.8.IsResumable)]</property>
              <onclick>PlayMedia($ESCINFO[Window(Home).Property(WatchList_Episode.8.Path)])</onclick>
            </item>
            <item id="9" description="Episodes">
              <visible>!IsEmpty(Window(Home).Property(WatchList_Episode.9.Label))</visible>
              <property name="SeasonEpisode">$INFO[Window(Home).Property(WatchList_Episode.9.Season),,x]$INFO[Window(Home).Property(WatchList_Episode.9.Episode),,.]</property>
              <property name="Rating">$INFO[Window(Home).Property(WatchList_Episode.9.Rating)]</property>
              <property name="Plot">$INFO[Window(Home).Property(WatchList_Episode.9.Plot)]</property>
              <property name="Label3">$LOCALIZE[20373] $INFO[Window(Home).Property(WatchList_Episode.9.Season)] - $LOCALIZE[20359] $INFO[Window(Home).Property(WatchList_Episode.9.Episode)]</property>
              <label>$INFO[Window(Home).Property(WatchList_Episode.9.Label)]</label>
              <label2>$INFO[Window(Home).Property(WatchList_Episode.9.TVShowTitle)]</label2>
              <thumb>$INFO[Window(Home).Property(WatchList_Episode.9.Thumb)]</thumb>
              <property name="SeasonThumb">$INFO[Window(Home).Property(WatchList_Episode.9.SeasonThumb)]</property>
              <property name="Resumable">$INFO[Window(Home).Property(WatchList_Episode.9.IsResumable)]</property>
              <onclick>PlayMedia($ESCINFO[Window(Home).Property(WatchList_Episode.9.Path)])</onclick>
            </item>
            <item id="10" description="Episodes">
              <visible>!IsEmpty(Window(Home).Property(WatchList_Episode.10.Label))</visible>
              <property name="SeasonEpisode">$INFO[Window(Home).Property(WatchList_Episode.10.Season),,x]$INFO[Window(Home).Property(WatchList_Episode.10.Episode),,.]</property>
              <property name="Rating">$INFO[Window(Home).Property(WatchList_Episode.10.Rating)]</property>
              <property name="Plot">$INFO[Window(Home).Property(WatchList_Episode.10.Plot)]</property>
              <property name="Label3">$LOCALIZE[20373] $INFO[Window(Home).Property(WatchList_Episode.10.Season)] - $LOCALIZE[20359] $INFO[Window(Home).Property(WatchList_Episode.10.Episode)]</property>
              <label>$INFO[Window(Home).Property(WatchList_Episode.10.Label)]</label>
              <label2>$INFO[Window(Home).Property(WatchList_Episode.10.TVShowTitle)]</label2>
              <thumb>$INFO[Window(Home).Property(WatchList_Episode.10.Thumb)]</thumb>
              <property name="SeasonThumb">$INFO[Window(Home).Property(WatchList_Episode.10.SeasonThumb)]</property>
              <property name="Resumable">$INFO[Window(Home).Property(WatchList_Episode.10.IsResumable)]</property>
              <onclick>PlayMedia($ESCINFO[Window(Home).Property(WatchList_Episode.10.Path)])</onclick>
            </item>
          </content>
        </control>
        <control type="group" description="Slider">
          <animation condition="Control.HasFocus(60)" effect="slide" start="0,0" end="960,540" time="300" reversible="true">Conditional</animation>
          <animation condition="Control.HasFocus(60)" effect="zoom" start="100" end="0" time="300" reversible="true">Conditional</animation>
          <control type="group">
            <visible>!IsEmpty(Window(Home).Property(WatchList_Episode.1.Label))</visible>
            <include>Slider5</include>
          </control>
          <animation type="Conditional" condition="Control.HasFocus(9001) | ControlGroup(9000).HasFocus()">
            <effect type="fade" start="100" end="40" time="0" reversible="true" />
          </animation>
          <animation condition="Container(51).Position(0)" effect="slide" start="0,0" end="0,-333" time="180" easing="inout" reversible="true">Conditional</animation>
          <animation condition="Container(51).Position(1)" effect="slide" start="0,0" end="0,-222" time="180" easing="inout" reversible="true">Conditional</animation>
          <animation condition="Container(51).Position(2)" effect="slide" start="0,0" end="0,-111" time="180" easing="inout" reversible="true">Conditional</animation>
          <animation condition="Container(51).Position(3)" effect="slide" start="0,0" end="0,0" time="180" easing="inout" reversible="true">Conditional</animation>
          <animation condition="Container(51).Position(4)" effect="slide" start="0,0" end="0,111" time="180" easing="inout" reversible="true">Conditional</animation>
          <animation condition="Container(51).Position(5)" effect="slide" start="0,0" end="0,222" time="180" easing="inout" reversible="true">Conditional</animation>
          <animation condition="Container(51).Position(6)" effect="slide" start="0,0" end="0,333" time="180" easing="inout" reversible="true">Conditional</animation>
          <animation condition="Container(51).Position(7)" effect="slide" start="0,0" end="0,444" time="180" easing="inout" reversible="true">Conditional</animation>
          <animation condition="Container(51).Position(8)" effect="slide" start="0,0" end="0,555" time="180" easing="inout" reversible="true">Conditional</animation>
        </control>
      </control>
      <control type="image">
        <visible>Container(51).HasPrevious</visible>
        <animation effect="fade" time="200">VisibleChange</animation>
        <posx>1005</posx>
        <posy>135</posy>
        <height>81</height>
        <width>832</width>
        <texture flipy="true">img/DefaultGradient.png</texture>
        <aspectratio>stretch</aspectratio>
      </control>
      <control type="image">
        <animation effect="fade" time="200">VisibleChange</animation>
        <visible>Container(51).HasNext</visible>
        <posx>1005</posx>
        <posy>963</posy>
        <height>81</height>
        <width>832</width>
        <texture>img/DefaultGradient.png</texture>
        <aspectratio>stretch</aspectratio>
      </control>
      <control type="scrollbar" id="60">
        <posx>39r</posx>
        <posy>135</posy>
        <height>870</height>
        <onleft>51</onleft>
        <onright>-</onright>
      </control>
    </control>
    <control type="group">
      <visible>Window(Home).Property(WatchList_Running)</visible>
      <animation effect="fade" delay="200" time="200">Hidden</animation>
      <posx>864</posx>
      <posy>444</posy>
      <control type="image" description="Busy BG">
        <posx>-864</posx>
        <posy>-444</posy>
        <width>1920</width>
        <height>1080</height>
        <texture>busy/BusyBG.png</texture>
        <aspectratio>keep</aspectratio>
      </control>
      <control type="label">
        <posx>-864</posx>
        <posy>225</posy>
        <width>1920</width>
        <font>size22</font>
        <align>center</align>
        <height>75</height>
        <label>$LOCALIZE[20186]</label>
      </control>
      <control type="label">
        <posx>-864</posx>
        <posy>150</posy>
        <width>1920</width>
        <font>size22</font>
        <align>center</align>
        <height>75</height>
        <label>20355</label>
      </control>
      <control type="image" description="Busy animation">
        <posx>0</posx>
        <posy>0</posy>
        <width>192</width>
        <height>192</height>
        <bordersize>24</bordersize>
        <texture>busy/Busy.png</texture>
        <aspectratio>keep</aspectratio>
        <animation effect="rotate" start="360" end="0" center="auto" time="1800" loop="true" condition="true">conditional</animation>
      </control>
    </control>
    <control type="group" description="Side menu 9000 group">
      <visible allowhiddenfocus="true">ControlGroup(9000).HasFocus()</visible>
      <include>DialogOpenCloseVisible</include>
      <control type="image" description="List back">
        <posx>459</posx>
        <posy>168</posy>
        <width>1002</width>
        <height>537</height>
        <aspectratio>stretch</aspectratio>
        <texture border="136,127,128,139">img/Dialog.png</texture>
      </control>
      <control type="grouplist" id="9000">
        <onleft>51</onleft>
        <onright>51</onright>
		<include>9000GrouplistParameters</include>
        <control type="togglebutton" id="701" description="View">
          <include>9000Buttons</include>
          <label>$LOCALIZE[582]: $LOCALIZE[535] 1</label>
          <altlabel>$LOCALIZE[582]: $LOCALIZE[535] 2</altlabel>
          <onclick>Skin.ToggleSetting(WL_Poster)</onclick>
          <usealttexture>Skin.HasSetting(WL_Poster)</usealttexture>
        </control>
        <control type="button" id="702" description="Music">
          <include>9000Buttons</include>
          <label>$LOCALIZE[184] $LOCALIZE[535]</label>
          <onclick>ClearProperty(Quartz_Watchlist,0)</onclick>
          <onclick>RunScript(script.watchlist,$VAR[WatchlistParameters])</onclick>
          <onclick>SetProperty(Quartz_Watchlist,True,0)</onclick>
          <onclick>Control.SetFocus(51)</onclick>
        </control>
      </control>
    </control>
  </controls>
</window>