﻿<?xml version="1.0" encoding="UTF-8"?>
<window>
  <controls>
    <control type="group">
      <visible>Slideshow.IsActive</visible>
      <animation condition="Slideshow.IsPaused" effect="fade" start="100" end="0" time="200">conditional</animation>
      <animation condition="!Slideshow.IsPaused" effect="fade" start="0" end="100" time="400">conditional</animation>
      <animation condition="!Slideshow.IsPaused" effect="fade" start="100" end="0" delay="2000" time="400">conditional</animation>
      <posx>90</posx>
      <posy>870</posy>
      <control type="image">
        <posx>0</posx>
        <posy>0</posy>
        <width>129</width>
        <height>120</height>
        <texture>img/BlackDotST2.png</texture>
      </control>
      <control type="image">
        <posx>6</posx>
        <posy>0</posy>
        <width>120</width>
        <height>120</height>
        <texture>OSD/OSDProgressPlay.png</texture>
      </control>
    </control>
    <control type="group" id="13">
      <visible>Slideshow.IsPaused</visible>
      <animation effect="fade" start="0" end="100" time="400">Visible</animation>
      <posx>90</posx>
      <posy>870</posy>
      <control type="image">
        <posx>0</posx>
        <posy>0</posy>
        <width>129</width>
        <height>120</height>
        <texture>img/BlackDotST2.png</texture>
      </control>
      <control type="image">
        <posx>6</posx>
        <posy>0</posy>
        <width>120</width>
        <height>120</height>
        <texture>OSD/OSDProgressPause.png</texture>
      </control>
    </control>
  </controls>
</window>
