<?xml version="1.0" encoding="UTF-8" standalone="yes"?>
<addon  id="plugin.video.plexbmc" 
        name="PleXBMC" 
        version="3.0.2" 
        provider-name="Hippojay (plexbmc@h-jay.com)">
  <requires>
    <import addon="xbmc.python" version="2.0"/>
  </requires>
  <extension    point="xbmc.python.pluginsource"
                library="default.py">
        <provides>video audio image</provides>
  </extension>
  <extension point="xbmc.addon.metadata">
    <platform>all</platform>
    <minversion>1</minversion>
    <summary lang="en">Browse and play local video, music and photo media files managed by Plex Media Server.</summary>
    <description lang="en">Browse and play local video, music and photo media files managed by Plex Media Server.</description>
  </extension>
</addon>
