﻿<?xml version="1.0" encoding="UTF-8"?>
<window>
  <defaultcontrol always="true">5</defaultcontrol>
  
  <include>DialogOpenClose</include>
  <controls>
    <control type="image">
      <posx>260</posx>
      <posy>-80</posy>
      <width>1400</width>
      <height>1240</height>
      <texture border="136,127,128,139">img/Dialog.png</texture>
    </control>
    <control type="label" description="Heading">
      <posx>0</posx>
      <posy>60</posy>
      <width>1920</width>
      <label>13406</label>
      <font>size26B</font>
      <align>center</align>
    </control>
    <control type="group">
      <posx>495</posx>
      <posy>60</posy>
      <control type="list" id="5">
        <posx>-30</posx>
        <posy>120</posy>
        <width>930</width>
        <height>770</height>
        <onleft>-</onleft>
        <onright condition="Skin.HasSetting(Scrollbars_Active)">60</onright>
        <onright condition="!Skin.HasSetting(Scrollbars_Active)">9000</onright>
        <onup>-</onup>
        <ondown>-</ondown>
        <pagecontrol>60</pagecontrol>
        <itemlayout height="70">
          <control type="label">
            <posx>30</posx>
            <height>70</height>
			<width>405</width>
            <scroll>false</scroll>
            <info>ListItem.Label</info>
          </control>
          <control type="label">
            <posx>900</posx>
            <height>70</height>
			<width>435</width>
            <align>right</align>
            <scroll>false</scroll>
            <font>size17</font>
            <info>ListItem.Label2</info>
          </control>
        </itemlayout>
        <focusedlayout height="70">
          <control type="image">
            <height>70</height>
            <width>930</width>
            <texture border="5">img/ButtonFO.png</texture>
          </control>
		  <control type="label">
            <posx>30</posx>
            <height>70</height>
			<width>405</width>
            <info>ListItem.Label</info>
          </control>
          <control type="label">
            <posx>900</posx>
            <height>70</height>
			<width>435</width>
            <align>right</align>
            <font>size17</font>
            <info>ListItem.Label2</info>
          </control>
        </focusedlayout>
      </control>
    </control>
    <control type="scrollbar" id="60">
      <posx>1446</posx>
      <posy>180</posy>
      <height>770</height>
      <onleft>5</onleft>
      <onright>-</onright>
    </control>
  </controls>
</window>