<addon id="skin.quartz3.plexbmc" version="0.7.1" name="Quartz V3 plexbmc" provider-name="hippojay (original skin by Pecinko)">
  <requires>
    <import addon="xbmc.gui" version="4.00"/>
    <!--<import addon="script.favourites" version="4.0.4"/>-->
  </requires>
  <extension
    point="xbmc.gui.skin"
    defaultthemename="Textures.xbt"
    debugging="false">
    <res width="1920" height="1080" aspect="16:9" default="true" folder="1080i" />
	
  </extension>
  <extension point="xbmc.addon.metadata">
    <platform>all</platform>
    <summary>Apple TV style skin</summary>
    <description>Inspired by Apple TV interface Quartz brings easy to use, fast and flexible user interface. If you believe that sometimes less means more, you might feel right at home with Quartz. Skin graphics by Baswazz.</description>
  </extension>
</addon>
